time,"31.2830677,75.6464767",channel frequency, channel magnitude, channel bandwidth
2024-06-01 11:18:05.598,"31.2830677,75.6464767",9e+07,-26.8324,36.6211
2024-06-01 11:18:05.658,"31.2830677,75.6464767",1.1e+08,-23.8004,37.8418
2024-06-01 11:18:05.664,"31.2830677,75.6464767",1.3e+08,-32.1895,874.023
2024-06-01 11:18:05.669,"31.2830677,75.6464767",1.5e+08,-27.0448,2755.13
2024-06-01 11:18:05.669,"31.2830677,75.6464767",1.5e+08,-20.7547,1239.01
2024-06-01 11:18:05.679,"31.2830677,75.6464767",1.9e+08,-32.0499,23.1934
2024-06-01 11:18:05.679,"31.2830677,75.6464767",1.9e+08,-15.6513,5052.49
2024-06-01 11:18:05.679,"31.2830677,75.6464767",1.9e+08,-29.5341,15.8691
2024-06-01 11:18:05.834,"31.2830677,75.6464767",2.1e+08,-31.4044,3505.86
2024-06-01 11:18:05.855,"31.2830677,75.6464767",2.5e+08,-32.4839,1330.57
2024-06-01 11:18:05.860,"31.2830677,75.6464767",2.7e+08,-29.8019,2973.63
2024-06-01 11:18:05.860,"31.2830677,75.6464767",2.7e+08,-18.0935,7523.19
2024-06-01 11:18:05.860,"31.2830677,75.6464767",2.7e+08,-26.1699,1166.99
2024-06-01 11:18:05.871,"31.2830677,75.6464767",3.1e+08,-37.6665,1966.55
2024-06-01 11:18:05.871,"31.2830677,75.6464767",3.1e+08,-30.4788,67.1387
2024-06-01 11:18:05.871,"31.2830677,75.6464767",3.1e+08,-37.9335,139.16
2024-06-01 11:18:05.871,"31.2830677,75.6464767",3.1e+08,-27.0656,5043.95
2024-06-01 11:18:06.026,"31.2830677,75.6464767",3.3e+08,-31.1228,931.396
2024-06-01 11:18:06.041,"31.2830677,75.6464767",3.7e+08,-29.4945,34.1797
2024-06-01 11:18:06.041,"31.2830677,75.6464767",3.7e+08,-26.4938,3387.45
2024-06-01 11:18:06.052,"31.2830677,75.6464767",4.1e+08,-21.8744,37.8418
2024-06-01 11:18:06.058,"31.2830677,75.6464767",4.3e+08,-14.3454,5200.2
2024-06-01 11:18:06.213,"31.2830677,75.6464767",4.5e+08,-17.6923,7860.11
2024-06-01 11:18:06.240,"31.2830677,75.6464767",5.1e+08,-21.5689,37.8418
2024-06-01 11:18:06.250,"31.2830677,75.6464767",5.5e+08,-18.4249,4925.54
2024-06-01 11:18:06.250,"31.2830677,75.6464767",5.5e+08,-33.539,45.166
2024-06-01 11:18:06.409,"31.2830677,75.6464767",5.9e+08,-34.2424,15.8691
2024-06-01 11:18:06.409,"31.2830677,75.6464767",5.9e+08,-30.6175,63.4766
2024-06-01 11:18:06.609,"31.2830677,75.6464767",8e+07,-26.6823,36.6211
2024-06-01 11:18:06.609,"31.2830677,75.6464767",8e+07,-28.4957,39.0625
2024-06-01 11:18:06.609,"31.2830677,75.6464767",8e+07,-23.0691,1339.11
2024-06-01 11:18:06.609,"31.2830677,75.6464767",8e+07,-21.2109,37.8418
2024-06-01 11:18:06.615,"31.2830677,75.6464767",1e+08,-25.8987,32.959
2024-06-01 11:18:06.615,"31.2830677,75.6464767",1e+08,-14.2656,5047.61
2024-06-01 11:18:06.788,"31.2830677,75.6464767",1.6e+08,-34.0634,556.641
2024-06-01 11:18:06.788,"31.2830677,75.6464767",1.6e+08,-34.0456,37.8418
2024-06-01 11:18:06.788,"31.2830677,75.6464767",1.6e+08,-31.3559,86.6699
2024-06-01 11:18:06.788,"31.2830677,75.6464767",1.6e+08,-27.9909,37.8418
2024-06-01 11:18:06.788,"31.2830677,75.6464767",1.6e+08,-35.8946,31.7383
2024-06-01 11:18:06.792,"31.2830677,75.6464767",1.8e+08,-36.0149,1761.47
2024-06-01 11:18:06.792,"31.2830677,75.6464767",1.8e+08,-27.43,37.8418
2024-06-01 11:18:06.806,"31.2830677,75.6464767",2e+08,-25.4475,1311.04
2024-06-01 11:18:06.806,"31.2830677,75.6464767",2e+08,-17.1346,37.8418
2024-06-01 11:18:06.811,"31.2830677,75.6464767",2.2e+08,-29.8147,336.914
2024-06-01 11:18:06.811,"31.2830677,75.6464767",2.2e+08,-24.0589,37.8418
2024-06-01 11:18:06.830,"31.2830677,75.6464767",2.4e+08,-17.1366,1469.73
2024-06-01 11:18:06.830,"31.2830677,75.6464767",2.4e+08,-9.26239,5935.06
2024-06-01 11:18:07.048,"31.2830677,75.6464767",3e+08,-32.6815,2182.62
2024-06-01 11:18:07.048,"31.2830677,75.6464767",3e+08,-23.7916,37.8418
2024-06-01 11:18:07.901,"31.2830677,75.6464767",6e+07,-24.0144,5045.17
2024-06-01 11:18:07.901,"31.2830677,75.6464767",6e+07,-29.3245,247.803
2024-06-01 11:18:07.901,"31.2830677,75.6464767",6e+07,-32.1466,122.07
2024-06-01 11:18:07.901,"31.2830677,75.6464767",6e+07,-29.668,61.0352
2024-06-01 11:18:07.901,"31.2830677,75.6464767",6e+07,-29.0419,19.5312
2024-06-01 11:18:07.914,"31.2830677,75.6464767",8e+07,-27.2858,839.844
2024-06-01 11:18:07.914,"31.2830677,75.6464767",8e+07,-29.4701,621.338
2024-06-01 11:18:07.919,"31.2830677,75.6464767",1e+08,-25.8158,2663.57
2024-06-01 11:18:07.919,"31.2830677,75.6464767",1e+08,-24.2398,8270.26
2024-06-01 11:18:07.925,"31.2830677,75.6464767",1.2e+08,-25.4489,1235.35
2024-06-01 11:18:07.925,"31.2830677,75.6464767",1.2e+08,-18.058,1523.44
2024-06-01 11:18:07.925,"31.2830677,75.6464767",1.2e+08,-8.05281,2199.71
2024-06-01 11:18:07.925,"31.2830677,75.6464767",1.2e+08,-16.022,4827.88
2024-06-01 11:18:08.085,"31.2830677,75.6464767",1.6e+08,-26.4179,145.264
2024-06-01 11:18:08.085,"31.2830677,75.6464767",1.6e+08,-26.0536,51.2695
2024-06-01 11:18:08.085,"31.2830677,75.6464767",1.6e+08,-13.808,37.8418
2024-06-01 11:18:08.090,"31.2830677,75.6464767",1.8e+08,-16.5942,39.0625
2024-06-01 11:18:08.090,"31.2830677,75.6464767",1.8e+08,-23.0275,1405.03
2024-06-01 11:18:08.090,"31.2830677,75.6464767",1.8e+08,-29.1197,47.6074
2024-06-01 11:18:08.101,"31.2830677,75.6464767",2e+08,-24.5154,2609.86
2024-06-01 11:18:08.101,"31.2830677,75.6464767",2e+08,-13.0852,39.0625
2024-06-01 11:18:08.101,"31.2830677,75.6464767",2e+08,-19.4714,1154.79
2024-06-01 11:18:08.113,"31.2830677,75.6464767",2.2e+08,-30.0434,34.1797
2024-06-01 11:18:08.113,"31.2830677,75.6464767",2.2e+08,-12.5197,36.6211
2024-06-01 11:18:08.113,"31.2830677,75.6464767",2.2e+08,-13.1575,4960.94
2024-06-01 11:18:08.125,"31.2830677,75.6464767",2.4e+08,-5.60608,2138.67
2024-06-01 11:18:08.286,"31.2830677,75.6464767",2.8e+08,-32.4604,35.4004
2024-06-01 11:18:08.290,"31.2830677,75.6464767",3e+08,-33.0228,41.5039
2024-06-01 11:18:08.301,"31.2830677,75.6464767",3.2e+08,-9.49948,7680.66
2024-06-01 11:18:08.327,"31.2830677,75.6464767",3.6e+08,-14.7244,2143.55
2024-06-01 11:18:08.332,"31.2830677,75.6464767",3.8e+08,-32.6369,31.7383
2024-06-01 11:18:08.332,"31.2830677,75.6464767",3.8e+08,-19.1579,37.8418
2024-06-01 11:18:08.489,"31.2830677,75.6464767",4e+08,-31.3426,23.1934
2024-06-01 11:18:08.489,"31.2830677,75.6464767",4e+08,-18.5051,1400.15
2024-06-01 11:18:08.493,"31.2830677,75.6464767",4.2e+08,-17.2688,1563.72
2024-06-01 11:18:08.493,"31.2830677,75.6464767",4.2e+08,-13.9273,4799.8
2024-06-01 11:18:08.526,"31.2830677,75.6464767",5e+08,-30.8207,300.293
2024-06-01 11:18:08.526,"31.2830677,75.6464767",5e+08,-13.7261,2131.35
2024-06-01 11:18:08.686,"31.2830677,75.6464767",5.4e+08,-24.9635,2169.19
2024-06-01 11:18:08.697,"31.2830677,75.6464767",5.6e+08,-33.5772,30.5176
2024-06-01 11:18:08.697,"31.2830677,75.6464767",5.6e+08,-31.1998,219.727
2024-06-01 11:18:08.697,"31.2830677,75.6464767",5.6e+08,-33.0126,36.6211
2024-06-01 11:18:08.697,"31.2830677,75.6464767",5.6e+08,-23.2424,39.0625
2024-06-01 11:18:08.703,"31.2830677,75.6464767",5.8e+08,-24.7922,2302.25
2024-06-01 11:18:08.703,"31.2830677,75.6464767",5.8e+08,-9.49168,2155.76
2024-06-01 11:18:08.703,"31.2830677,75.6464767",5.8e+08,-15.7483,5034.18
2024-06-01 11:18:08.707,"31.2830677,75.6464767",6e+08,-34.8177,39.0625
2024-06-01 11:18:08.708,"31.2830677,75.6464767",6e+08,-31.7132,130.615
2024-06-01 11:18:08.708,"31.2830677,75.6464767",6e+08,-8.28796,2087.4
2024-06-01 11:18:08.877,"31.2830677,75.6464767",6.4e+08,-37.1322,34.1797
2024-06-01 11:18:09.033,"31.2830677,75.6464767",4e+07,-20.4895,218.506
2024-06-01 11:18:09.050,"31.2830677,75.6464767",6e+07,-17.7958,6617.43
2024-06-01 11:18:09.055,"31.2830677,75.6464767",8e+07,-26.5854,37.8418
2024-06-01 11:18:09.060,"31.2830677,75.6464767",1e+08,-9.57857,7666.02
2024-06-01 11:18:09.065,"31.2830677,75.6464767",1.2e+08,-20.325,37.8418
2024-06-01 11:18:09.244,"31.2830677,75.6464767",2e+08,-16.6293,37.8418
2024-06-01 11:18:09.255,"31.2830677,75.6464767",2.4e+08,-20.7661,7276.61
2024-06-01 11:18:09.436,"31.2830677,75.6464767",3.2e+08,-31.3872,7764.89
2024-06-01 11:18:09.436,"31.2830677,75.6464767",3.2e+08,-21.4186,37.8418
2024-06-01 11:18:09.437,"31.2830677,75.6464767",3.2e+08,-31.224,31.7383
2024-06-01 11:18:09.441,"31.2830677,75.6464767",3.4e+08,-27.7564,3863.53
2024-06-01 11:18:09.447,"31.2830677,75.6464767",3.6e+08,
2024-06-01 11:18:10.547,"31.2830677,75.6464767",3e+08,-30.6642,1268.31
2024-06-01 11:18:10.547,"31.2830677,75.6464767",3e+08,-28.9187,37.8418
2024-06-01 11:18:10.560,"31.2830677,75.6464767",3.2e+08,-6.18621,2133.79
2024-06-01 11:18:10.565,"31.2830677,75.6464767",3.4e+08,-33.1319,39.0625
2024-06-01 11:18:10.576,"31.2830677,75.6464767",3.6e+08,-26.841,37.8418
2024-06-01 11:18:10.582,"31.2830677,75.6464767",3.8e+08,-31.9976,2288.82
2024-06-01 11:18:10.582,"31.2830677,75.6464767",3.8e+08,-28.1573,32.959
2024-06-01 11:18:10.582,"31.2830677,75.6464767",3.8e+08,-22.2168,37.8418
2024-06-01 11:18:10.749,"31.2830677,75.6464767",4.2e+08,-34.9518,36.6211
2024-06-01 11:18:10.749,"31.2830677,75.6464767",4.2e+08,-29.2522,1524.66
2024-06-01 11:18:10.749,"31.2830677,75.6464767",4.2e+08,-23.2283,37.8418
2024-06-01 11:18:10.760,"31.2830677,75.6464767",4.4e+08,-22.5956,1304.93
2024-06-01 11:18:10.760,"31.2830677,75.6464767",4.4e+08,-18.9993,37.8418
2024-06-01 11:18:10.765,"31.2830677,75.6464767",4.6e+08,-15.2281,8704.83
2024-06-01 11:18:10.776,"31.2830677,75.6464767",5e+08,-5.56118,2146
2024-06-01 11:18:10.776,"31.2830677,75.6464767",5e+08,-13.1781,4942.63
2024-06-01 11:18:10.931,"31.2830677,75.6464767",5.2e+08,-34.0164,37.8418
2024-06-01 11:18:10.951,"31.2830677,75.6464767",5.8e+08,-20.0558,1997.07
2024-06-01 11:18:10.956,"31.2830677,75.6464767",6e+08,-38.5257,42.7246
2024-06-01 11:18:10.956,"31.2830677,75.6464767",6e+08,-26.7337,1422.12
2024-06-01 11:18:10.956,"31.2830677,75.6464767",6e+08,-29.9221,7329.1
2024-06-01 11:18:10.961,"31.2830677,75.6464767",6.2e+08,-17.8127,10461.4
2024-06-01 11:18:11.273,"31.2830677,75.6464767",4e+07,-23.4146,1064.45
2024-06-01 11:18:11.298,"31.2830677,75.6464767",8e+07,-25.4523,37.8418
2024-06-01 11:18:11.298,"31.2830677,75.6464767",8e+07,-27.9595,37.8418
2024-06-01 11:18:11.299,"31.2830677,75.6464767",8e+07,-20.8524,1749.27
2024-06-01 11:18:11.299,"31.2830677,75.6464767",8e+07,-17.042,37.8418
2024-06-01 11:18:11.303,"31.2830677,75.6464767",1e+08,-28.9129,37.8418
2024-06-01 11:18:11.314,"31.2830677,75.6464767",1.4e+08,-30.6954,363.77
2024-06-01 11:18:11.470,"31.2830677,75.6464767",1.6e+08,-39.4611,25.6348
2024-06-01 11:18:11.470,"31.2830677,75.6464767",1.6e+08,-19.4705,1473.39
2024-06-01 11:18:11.470,"31.2830677,75.6464767",1.6e+08,-21.0971,1359.86
2024-06-01 11:18:11.474,"31.2830677,75.6464767",1.8e+08,-13.7667,37.8418
2024-06-01 11:18:11.474,"31.2830677,75.6464767",1.8e+08,-20.4907,7214.36
2024-06-01 11:18:11.497,"31.2830677,75.6464767",2.2e+08,-29.5596,18.3105
2024-06-01 11:18:11.497,"31.2830677,75.6464767",2.2e+08,-19.2383,37.8418
2024-06-01 11:18:11.502,"31.2830677,75.6464767",2.4e+08,-27.2592,39.0625
2024-06-01 11:18:11.507,"31.2830677,75.6464767",2.6e+08,-11.918,7587.89
2024-06-01 11:18:11.662,"31.2830677,75.6464767",2.8e+08,-27.3304,37.8418
2024-06-01 11:18:11.668,"31.2830677,75.6464767",3e+08,-23.8765,2285.16
2024-06-01 11:18:11.684,"31.2830677,75.6464767",3.2e+08,-22.439,1447.75
2024-06-01 11:18:11.684,"31.2830677,75.6464767",3.2e+08,-9.36992,2026.37
2024-06-01 11:18:11.695,"31.2830677,75.6464767",3.6e+08,-29.4159,2308.35
2024-06-01 11:18:11.695,"31.2830677,75.6464767",3.6e+08,-11.7767,12541.5
2024-06-01 11:18:11.699,"31.2830677,75.6464767",3.8e+08,-33.6111,35.4004
2024-06-01 11:18:11.699,"31.2830677,75.6464767",3.8e+08,-27.0163,37.8418
2024-06-01 11:18:11.699,"31.2830677,75.6464767",3.8e+08,-34.4098,35.4004
2024-06-01 11:18:11.699,"31.2830677,75.6464767",3.8e+08,-39.4621,37.8418
2024-06-01 11:18:11.898,"31.2830677,75.6464767",5e+08,-32.9072,37.8418
2024-06-01 11:18:12.070,"31.2830677,75.6464767",5.6e+08,-28.7992,2401.12
2024-06-01 11:18:12.070,"31.2830677,75.6464767",5.6e+08,-21.4766,37.8418
2024-06-01 11:18:12.075,"31.2830677,75.6464767",5.8e+08,-26.615,2296.14
2024-06-01 11:18:12.075,"31.2830677,75.6464767",5.8e+08,-20.1025,37.8418
2024-06-01 11:18:12.075,"31.2830677,75.6464767",5.8e+08,-21.0148,5053.71
2024-06-01 11:18:12.081,"31.2830677,75.6464767",6e+08,-31.5891,36.6211
2024-06-01 11:18:12.086,"31.2830791,75.6464843",6.2e+08,-24.2192,1768.8
2024-06-01 11:18:12.086,"31.2830791,75.6464843",6.2e+08,-24.6294,7293.7
2024-06-01 11:18:12.241,"31.2830791,75.6464843",6.4e+08,-31.3859,69.5801
2024-06-01 11:18:12.241,"31.2830791,75.6464843",6.4e+08,-29.382,136.719
2024-06-01 11:18:12.397,"31.2830791,75.6464843",4e+07,-5.74483,12655
2024-06-01 11:18:12.410,"31.2830791,75.6464843",6e+07,-23.2096,1748.05
2024-06-01 11:18:12.410,"31.2830791,75.6464843",6e+07,-27.9507,37.8418
2024-06-01 11:18:12.410,"31.2830791,75.6464843",6e+07,-27.9911,42.7246
2024-06-01 11:18:12.410,"31.2830791,75.6464843",6e+07,-25.2666,1816.41
2024-06-01 11:18:12.415,"31.2830791,75.6464843",8e+07,-28.5797,45.166
2024-06-01 11:18:12.415,"31.2830791,75.6464843",8e+07,-29.6747,39.0625
2024-06-01 11:18:12.415,"31.2830791,75.6464843",8e+07,-22.188,37.8418
2024-06-01 11:18:12.439,"31.2830791,75.6464843",1.4e+08,-30.4127,15.8691
2024-06-01 11:18:12.439,"31.2830791,75.6464843",1.4e+08,-4.95484,12542.7
2024-06-01 11:18:12.439,"31.2830791,75.6464843",1.4e+08,-18.3645,1395.26
2024-06-01 11:18:12.594,"31.2830791,75.6464843",1.6e+08,-22.7999,37.8418
2024-06-01 11:18:12.594,"31.2830791,75.6464843",1.6e+08,-31.4895,570.068
2024-06-01 11:18:12.594,"31.2830791,75.6464843",1.6e+08,-36.3351,34.1797
2024-06-01 11:18:12.598,"31.2830791,75.6464843",1.8e+08,-27.2318,37.8418
2024-06-01 11:18:12.598,"31.2830791,75.6464843",1.8e+08,-27.0552,62.2559
2024-06-01 11:18:12.616,"31.2830791,75.6464843",2e+08,-14.0442,37.8418
2024-06-01 11:18:12.634,"31.2830791,75.6464843",2.2e+08,-13.3331,37.8418
2024-06-01 11:18:12.639,"31.2830791,75.6464843",2.4e+08,-29.7885,37.8418
2024-06-01 11:18:12.645,"31.2830791,75.6464843",2.6e+08,-33.0264,35.4004
2024-06-01 11:18:12.800,"31.2830791,75.6464843",2.8e+08,-18.4425,7625.73
2024-06-01 11:18:12.800,"31.2830791,75.6464843",2.8e+08,-39.7985,25.6348
2024-06-01 11:18:12.804,"31.2830791,75.6464843",3e+08,-26.9872,40.2832
2024-06-01 11:18:12.816,"31.2830791,75.6464843",3.2e+08,-10.754,7540.28
2024-06-01 11:18:12.988,"31.2830791,75.6464843",4e+08,-32.2842,68.3594
2024-06-01 11:18:12.988,"31.2830791,75.6464843",4e+08,-27.5,15.8691
2024-06-01 11:18:12.988,"31.2830791,75.6464843",4e+08,-18.03,7625.73
2024-06-01 11:18:12.992,"31.2830791,75.6464843",4.2e+08,-20.888,1781.01
2024-06-01 11:18:13.004,"31.2830791,75.6464843",4.4e+08,-34.4788,37.8418
2024-06-01 11:18:13.024,"31.2830791,75.6464843",4.8e+08,-31.8521,37.8418
2024-06-01 11:18:13.184,"31.2830791,75.6464843",5.2e+08,-35.8501,3105.47
2024-06-01 11:18:13.184,"31.2830791,75.6464843",5.2e+08,-31.1,37.8418
2024-06-01 11:18:13.188,"31.2830791,75.6464843",5.4e+08,-29.2511,39.0625
2024-06-01 11:18:13.220,"31.2830791,75.6464843",6e+08,-28.1305,1936.04
2024-06-01 11:18:13.220,"31.2830791,75.6464843",6e+08,-31.6513,43.9453
2024-06-01 11:18:13.220,"31.2830791,75.6464843",6e+08,-29.2929,32.959
2024-06-01 11:18:13.220,"31.2830791,75.6464843",6e+08,-33.7762,39.0625
2024-06-01 11:18:13.225,"31.2830791,75.6464843",6.2e+08,-17.9028,7896.73
2024-06-01 11:18:13.552,"31.2830791,75.6464843",6e+07,-12.5195,4794.92
2024-06-01 11:18:13.552,"31.2830791,75.6464843",6e+07,-23.5161,2521.97
2024-06-01 11:18:13.552,"31.2830791,75.6464843",6e+07,-16.9331,1547.85
2024-06-01 11:18:13.557,"31.2830791,75.6464843",8e+07,-29.5812,37.8418
2024-06-01 11:18:13.557,"31.2830791,75.6464843",8e+07,-25.6538,37.8418
2024-06-01 11:18:13.568,"31.2830791,75.6464843",1.2e+08,-27.6204,67.1387
2024-06-01 11:18:13.576,"31.2830791,75.6464843",1.4e+08,-11.573,5845.95
2024-06-01 11:18:13.730,"31.2830791,75.6464843",1.6e+08,-21.7898,10933.8
2024-06-01 11:18:13.735,"31.2830791,75.6464843",1.8e+08,-28.3455,36.6211
2024-06-01 11:18:13.735,"31.2830791,75.6464843",1.8e+08,-25.0754,37.8418
2024-06-01 11:18:13.750,"31.2830791,75.6464843",2e+08,-13.1995,36.6211
2024-06-01 11:18:13.765,"31.2830791,75.6464843",2.6e+08,-17.9123,1596.68
2024-06-01 11:18:13.765,"31.2830791,75.6464843",2.6e+08,-11.4046,10845.9
2024-06-01 11:18:13.765,"31.2830791,75.6464843",2.6e+08,-19.9828,1409.91
2024-06-01 11:18:13.920,"31.2830791,75.6464843",2.8e+08,-38.113,2221.68
2024-06-016e+08,"31.2830791,75.6464843",39.0625
2024-06-01 11:18:15.671,"31.2830791,75.6464843",6.4e+08,-29.3354,40.2832
2024-06-01 11:18:15.827,"31.2830791,75.6464843",4e+07,-24.199,615.234
2024-06-01 11:18:15.847,"31.2830791,75.6464843",6e+07,-28.1279,332.031
2024-06-01 11:18:15.847,"31.2830791,75.6464843",6e+07,-27.4309,1420.9
2024-06-01 11:18:15.853,"31.2830791,75.6464843",8e+07,-33.9881,37.8418
2024-06-01 11:18:15.853,"31.2830791,75.6464843",8e+07,-29.3194,42.7246
2024-06-01 11:18:15.858,"31.2830791,75.6464843",1e+08,-31.7051,2597.66
2024-06-01 11:18:15.858,"31.2830791,75.6464843",1e+08,-21.2955,3389.89
2024-06-01 11:18:15.858,"31.2830791,75.6464843",1e+08,-33.7461,47.6074
2024-06-01 11:18:15.862,"31.2830791,75.6464843",1.2e+08,-24.5879,1120.61
2024-06-01 11:18:15.869,"31.2830791,75.6464843",1.4e+08,-30.8681,14.6484
2024-06-01 11:18:15.869,"31.2830791,75.6464843",1.4e+08,-22.0366,1169.43
2024-06-01 11:18:15.869,"31.2830791,75.6464843",1.4e+08,-22.0968,3883.06
2024-06-01 11:18:16.023,"31.2830791,75.6464843",1.6e+08,-31.4322,37.8418
2024-06-01 11:18:16.023,"31.2830791,75.6464843",1.6e+08,-27.6287,30.5176
2024-06-01 11:18:16.023,"31.2830791,75.6464843",1.6e+08,-19.2301,37.8418
2024-06-01 11:18:16.041,"31.2830791,75.6464843",2e+08,-30.8168,42.7246
2024-06-01 11:18:16.047,"31.2830791,75.6464843",2.2e+08,-31.1123,36.6211
2024-06-01 11:18:16.052,"31.2830791,75.6464843",2.4e+08,-29.7337,9727.78
2024-06-01 11:18:16.052,"31.2830791,75.6464843",2.4e+08,-24.928,5203.86
2024-06-01 11:18:16.056,"31.2830791,75.6464843",2.6e+08,-6.47162,2120.36
2024-06-01 11:18:16.213,"31.2830791,75.6464843",2.8e+08,-28.4691,20.752
2024-06-01 11:18:16.213,"31.2830791,75.6464843",2.8e+08,-31.7693,45.166
2024-06-01 11:18:16.218,"31.2830791,75.6464843",3e+08,-6.84267,2026.37
2024-06-01 11:18:16.232,"31.2830791,75.6464843",3.2e+08,-28.8939,36.6211
2024-06-01 11:18:16.242,"31.2830791,75.6464843",3.6e+08,-39.0922,39.0625
2024-06-01 11:18:16.242,"31.2830791,75.6464843",3.6e+08,-27.0245,39.0625
2024-06-01 11:18:16.257,"31.2830791,75.6464843",3.8e+08,-23.0156,37.8418
2024-06-01 11:18:16.413,"31.2830791,75.6464843",4e+08,-29.6921,63.4766
2024-06-01 11:18:16.413,"31.2830791,75.6464843",4e+08,-32.8744,1166.99
2024-06-01 11:18:16.418,"31.2830791,75.6464843",4.2e+08,-31.5485,37.8418
2024-06-01 11:18:16.418,"31.2830791,75.6464843",4.2e+08,-19.1722,1622.31
2024-06-01 11:18:16.418,"31.2830791,75.6464843",4.2e+08,-6.09932,2078.86
2024-06-01 11:18:16.418,"31.2830791,75.6464843",4.2e+08,-13.8068,4932.86
2024-06-01 11:18:16.437,"31.2830791,75.6464843",4.6e+08,-11.7109,5754.39
2024-06-01 11:18:16.442,"31.2830791,75.6464843",4.8e+08,-33.4761,37.8418
2024-06-01 11:18:16.442,"31.2830791,75.6464843",4.8e+08,-29.6237,6738.28
2024-06-01 11:18:16.637,"31.2830791,75.6464843",5.6e+08,-15.513,1674.8
2024-06-01 11:18:16.670,"31.2830791,75.6464843",6.2e+08,-30.6882,54.9316
2024-06-01 11:18:16.670,"31.2830791,75.6464843",6.2e+08,-5.1615,12796.6
2024-06-01 11:18:16.826,"31.2830791,75.6464843",6.4e+08,-28.3846,573.731
2024-06-01 11:18:16.981,"31.2830791,75.6464843",4e+07,-31.1441,37.8418
2024-06-01 11:18:16.997,"31.2830791,75.6464843",6e+07,-15.3276,1203.61
2024-06-01 11:18:16.997,"31.2830791,75.6464843",6e+07,-21.034,733.643
2024-06-01 11:18:17.010,"31.2830791,75.6464843",1e+08,-23.7025,2509.77
2024-06-01 11:18:17.010,"31.2830791,75.6464843",1e+08,-29.1223,15.8691
2024-06-01 11:18:17.010,"31.2830791,75.6464843",1e+08,-17.7301,1667.48
2024-06-01 11:18:17.010,"31.2830791,75.6464843",1e+08,-10.1058,5769.04
2024-06-01 11:18:17.010,"31.2830791,75.6464843",1e+08,-13.7929,4804.69
2024-06-01 11:18:17.010,"31.2830791,75.6464843",1e+08,-35.6395,31.7383
2024-06-01 11:18:17.010,"31.2830791,75.6464843",1e+08,-20.4194,1401.37
2024-06-01 11:18:17.018,"31.2830791,75.6464843",1.4e+08,-23.9077,1635.74
2024-06-01 11:18:17.174,"31.2830791,75.6464843",1.6e+08,-15.6369,4743.65
2024-06-01 11:18:17.179,"31.2830791,75.6464843",1.8e+08,-29.9151,31.7383
2024-06-01 11:18:17.179,"31.2830791,75.6464843",1.8e+08,-19.3763,1445.31
2024-06-01 11:18:17.198,"31.2830867,75.6464843",2.2e+08,-29.4215,860.596
2024-06-01 11:18:17.203,"31.2830867,75.6464843",2.4e+08,-28.637,2850.34
2024-06-01 11:18:17.203,"31.2830867,75.6464843",2.4e+08,-15.6837,7733.15
2024-06-01 11:18:17.203,"31.2830867,75.6464843",2.4e+08,-19.8578,4930.42
2024-06-01 11:18:17.207,"31.2830867,75.6464843",2.6e+08,-33.3994,8093.26
2024-06-01 11:18:17.207,"31.2830867,75.6464843",2.6e+08,-33.7049,69.5801
2024-06-01 11:18:17.207,"31.2830867,75.6464843",2.6e+08,-31.6718,79.3457
2024-06-01 11:18:17.368,"31.2830867,75.6464843",3e+08,-6.35247,2106.93
2024-06-01 11:18:17.382,"31.2830867,75.6464843",3.2e+08,-10.6209,5819.09
2024-06-01 11:18:17.564,"31.2830867,75.6464843",4e+08,-7.38412,12541.5
2024-06-01 11:18:17.586,"31.2830867,75.6464843",4.4e+08,-14.1934,7519.53
2024-06-01 11:18:17.595,"31.2830867,75.6464843",4.8e+08,-15.539,4475.1
2024-06-01 11:18:17.595,"31.2830867,75.6464843",4.8e+08,-27.4376,1387.94
2024-06-01 11:18:17.595,"31.2830867,75.6464843",4.8e+08,-26.2826,1892.09
2024-06-01 11:18:17.600,"31.2830867,75.6464843",5e+08,-31.9447,268.555
2024-06-01 11:18:17.765,"31.2830867,75.6464843",5.2e+08,-29.073,15.8691
2024-06-01 11:18:17.769,"31.2830867,75.6464843",5.4e+08,-7.94489,2127.69
2024-06-01 11:18:17.783,"31.2830867,75.6464843",5.6e+08,-8.3476,1994.63
2024-06-01 11:18:17.790,"31.2830867,75.6464843",5.8e+08,-23.9507,2349.85
2024-06-01 11:18:17.790,"31.2830867,75.6464843",5.8e+08,-19.9923,1242.68
2024-06-01 11:18:17.790,"31.2830867,75.6464843",5.8e+08,-14.0777,5941.16
2024-06-01 11:18:17.799,"31.2830867,75.6464843",6.2e+08,-19.8867,2043.46
2024-06-01 11:18:17.965,"31.2830867,75.6464843",6.4e+08,-30.1508,15.8691
2024-06-01 11:18:17.965,"31.2830867,75.6464843",6.4e+08,-34.6932,40.2832
2024-06-01 11:18:17.965,"31.2830867,75.6464843",6.4e+08,-34.2156,61.0352
2024-06-01 11:18:18.121,"31.2830867,75.6464843",4e+07,-30.7055,37.8418
2024-06-01 11:18:18.149,"31.2830867,75.6464843",6e+07,-21.0851,3403.32
2024-06-01 11:18:18.149,"31.2830867,75.6464843",6e+07,-14.8487,15.8691
2024-06-01 11:18:18.149,"31.2830867,75.6464843",6e+07,-28.9438,39.0625
2024-06-01 11:18:18.154,"31.2830867,75.6464843",8e+07,-27.6459,39.0625
2024-06-01 11:18:18.154,"31.2830867,75.6464843",8e+07,-20.5396,37.8418
2024-06-01 11:18:18.154,"31.2830867,75.6464843",8e+07,-38.8184,196.533
2024-06-01 11:18:18.154,"31.2830867,75.6464843",8e+07,-30.9196,117.188
2024-06-01 11:18:18.159,"31.2830867,75.6464843",1e+08,-5.93951,2069.09
2024-06-01 11:18:18.159,"31.2830867,75.6464843",1e+08,-13.0488,5037.84
2024-06-01 11:18:18.164,"31.2830867,75.6464843",1.2e+08,-29.6069,37.8418
2024-06-01 11:18:18.169,"31.2830867,75.6464843",1.4e+08,-24.47,2684.33
2024-06-01 11:18:18.325,"31.2830867,75.6464843",1.6e+08,-10.8392,37.8418
2024-06-01 11:18:18.329,"31.2830867,75.6464843",1.8e+08,-35.0067,1544.19
2024-06-01 11:18:18.329,"31.2830867,75.6464843",1.8e+08,-28.9773,37.8418
2024-06-01 11:18:18.354,"31.2830867,75.6464843",2.4e+08,-32.0818,59.8145
2024-06-01 11:18:18.354,"31.2830867,75.6464843",2.4e+08,-22.5349,1727.29
2024-06-01 11:18:18.358,"31.2830867,75.6464843",2.6e+08,-36.1457,333.252
2024-06-01 11:18:18.358,"31.2830867,75.6464843",2.6e+08,-33.4216,36.6211
2024-06-01 11:18:18.358,"31.2830867,75.6464843",2.6e+08,-26.804,37.8418
2024-06-01 11:18:18.519,"31.2830867,75.6464843",3e+08,-33.3557,118.408
2024-06-01 11:18:18.519,"31.2830867,75.6464843",3e+08,-36.3215,91.5527
2024-06-01 11:18:18.519,"31.2830867,75.6464843",3e+08,-19.5101,2144.78
2024-06-01 11:18:18.532,"31.2830867,75.6464843",3.2e+08,-19.9738,4954.83
2024-06-01 11:18:18.538,"31.2830867,75.6464843",3.4e+08,-25.8457,2487.79
2024-06-01 11:18:18.538,"31.2830867,75.6464843",3.4e+08,-14.1201,4826.66
2024-06-01 11:18:18.544,"31.2830867,75.6464843",3.6e+08,-13.7618,5087.89
2024-06-01 11:18:18.548,"31.2830867,75.6464843",3.8e+08,-33.7747,2542.72
2024-06-01 11:18:18.548,"31.2830867,75.6464843",3.8e+08,-33.3649,43.9453
2024-06-01 11:18:18.548,"31.2830867,75.6464843",3.8e+08,-24.7593,37.8418
2024-06-01 11:18:18.708,"31.2830867,75.6464843",4.2e+08,-12.5845,5737.3
2024-06-01 11:18:18.897,"31.2830867,75.6464843"
                                                                                                                                                                                                                                                                                                                                                                                                                                                                                                                                                                                                                                                                                                                                                                                                                                                                                                                                                                                                                                                                                                                                                                                                                                                                                                                                                                                                                                                                                                                                                                                                                                                                                                                                                                                                                                                                                                                                                                                                                                                                                                                                                                                                                                                                                                                                                                                                                                                                                                                                                                                                                                                                                                                                                                                                                                                                                                                                                                                                                                                                                                                                                                                                                                                                                                                                                                                                                                                                                                                                                                                                                                                                                                                                                                                                                                                                                                                                                                                                                                                                                                                                                                                                                                                                                                                                                                                                                                                                                                                                                                                                                                                                                                                                                                                                                                                                                                                                                                                                                                                                                                                                                                                                                                                                                                                                                                                                                                                                                                                                                                                                                                                                                                                                                                                                                                                                                                                                                                                                                                                                                                                                                                                                                                                                                                                                                                                                                                                                                                                                                                                                                                                                                                                                                                                                                                                                                                                                                                                                                                                                                                                                                                                                                                                                                                                                                                                                                                                                                                                                                                                                                                                                                                                                                                                                                                                                                                                                                                                                                                                                                                                                                                                                                                                                                                                                                                                                                                                                                                              5.2e+08,"31.2830867,75.6464843",32.959
2024-06-01 11:18:24.555,"31.2830867,75.6464843",5.2e+08,-19.4421,7126.46
2024-06-01 11:18:24.572,"31.2830867,75.6464843",5.6e+08,-27.3695,37.8418
2024-06-01 11:18:24.580,"31.2830867,75.6464843",5.8e+08,-40.3537,36.6211
2024-06-01 11:18:24.580,"31.2830867,75.6464843",5.8e+08,-38.4951,36.6211
2024-06-01 11:18:24.580,"31.2830867,75.6464843",5.8e+08,-45.8637,40.2832
2024-06-01 11:18:24.580,"31.2830867,75.6464843",5.8e+08,-38.2918,47.6074
2024-06-01 11:18:24.580,"31.2830867,75.6464843",5.8e+08,-33.5112,1259.77
2024-06-01 11:18:24.580,"31.2830867,75.6464843",5.8e+08,-21.863,3515.62
2024-06-01 11:18:24.580,"31.2830867,75.6464843",5.8e+08,-21.2779,1632.08
2024-06-01 11:18:24.580,"31.2830867,75.6464843",5.8e+08,-27.7859,1400.15
2024-06-01 11:18:24.584,"31.2830867,75.6464843",6e+08,-19.3319,1458.74
2024-06-01 11:18:24.584,"31.2830867,75.6464843",6e+08,-7.45114,2149.66
2024-06-01 11:18:24.743,"31.2830867,75.6464843",6.4e+08,-33.5739,17.0898
2024-06-01 11:18:24.743,"31.2830867,75.6464843",6.4e+08,-26.3128,1406.25
2024-06-01 11:18:24.927,"31.2830867,75.6464843",8e+07,-20.522,36.6211
2024-06-01 11:18:24.927,"31.2830867,75.6464843",8e+07,-28.8279,37.8418
2024-06-01 11:18:24.927,"31.2830867,75.6464843",8e+07,-27.4656,743.408
2024-06-01 11:18:24.927,"31.2830867,75.6464843",8e+07,-27.48,72.0215
2024-06-01 11:18:24.927,"31.2830867,75.6464843",8e+07,-26.6557,43.9453
2024-06-01 11:18:24.927,"31.2830867,75.6464843",8e+07,-22.9069,1328.12
2024-06-01 11:18:24.927,"31.2830867,75.6464843",8e+07,-17.446,36.6211
2024-06-01 11:18:24.937,"31.2830867,75.6464843",1.2e+08,-19.6023,1364.75
2024-06-01 11:18:25.098,"31.2830867,75.6464843",1.6e+08,-29.5482,2607.42
2024-06-01 11:18:25.098,"31.2830867,75.6464843",1.6e+08,-35.4201,36.6211
2024-06-01 11:18:25.098,"31.2830867,75.6464843",1.6e+08,-20.4129,37.8418
2024-06-01 11:18:25.103,"31.2830867,75.6464843",1.8e+08,-30.5571,1795.65
2024-06-01 11:18:25.103,"31.2830867,75.6464843",1.8e+08,-33.8744,352.783
2024-06-01 11:18:25.103,"31.2830867,75.6464843",1.8e+08,-30.8172,43.9453
2024-06-01 11:18:25.103,"31.2830867,75.6464843",1.8e+08,-28.4987,1417.24
2024-06-01 11:18:25.103,"31.2830867,75.6464843",1.8e+08,-23.8683,37.8418
2024-06-01 11:18:25.115,"31.2830867,75.6464843",2e+08,-29.9642,39.0625
2024-06-01 11:18:25.128,"31.2830867,75.6464843",2.2e+08,-19.063,37.8418
2024-06-01 11:18:25.140,"31.2830867,75.6464843",2.6e+08,-12.0777,7587.89
2024-06-01 11:18:25.295,"31.2830867,75.6464843",2.8e+08,-7.24697,12680.7
2024-06-01 11:18:25.300,"31.2830867,75.6464843",3e+08,-33.0248,41.5039
2024-06-01 11:18:25.300,"31.2830867,75.6464843",3e+08,-19.0608,1343.99
2024-06-01 11:18:25.300,"31.2830867,75.6464843",3e+08,-20.2649,3135.99
2024-06-01 11:18:25.313,"31.2830867,75.6464843",3.2e+08,-18.7088,1391.6
2024-06-01 11:18:25.313,"31.2830867,75.6464843",3.2e+08,-20.6089,7302.25
2024-06-01 11:18:25.325,"31.2830867,75.6464843",3.4e+08,-33.0579,1174.32
2024-06-01 11:18:25.325,"31.2830867,75.6464843",3.4e+08,-26.7909,37.8418
2024-06-01 11:18:25.331,"31.2830867,75.6464843",3.6e+08,-21.3616,7479.25
2024-06-01 11:18:25.336,"31.2830867,75.6464843",3.8e+08,-34.0232,41.5039
2024-06-01 11:18:25.336,"31.2830867,75.6464843",3.8e+08,-9.57821,2146
2024-06-01 11:18:25.336,"31.2830867,75.6464843",3.8e+08,-17.3149,4970.7
2024-06-01 11:18:25.336,"31.2830867,75.6464843",3.8e+08,-24.1818,1508.79
2024-06-01 11:18:25.511,"31.2830867,75.6464843",4.4e+08,-33.1699,37.8418
2024-06-01 11:18:25.525,"31.2830867,75.6464843",4.6e+08,-14.2734,11203.6
2024-06-01 11:18:25.525,"31.2830867,75.6464843",4.6e+08,-30.4365,42.7246
2024-06-01 11:18:25.530,"31.2830867,75.6464843",4.8e+08,-31.2027,15.8691
2024-06-01 11:18:25.531,"31.2830867,75.6464843",4.8e+08,-7.09537,12536.6
2024-06-01 11:18:25.535,"31.2830867,75.6464843",5e+08,-20.2155,1437.99
2024-06-01 11:18:25.535,"31.2830867,75.6464843",5e+08,-6.19253,2053.22
2024-06-01 11:18:25.691,"31.2830867,75.6464843",5.2e+08,-31.8979,36.6211
2024-06-01 11:18:25.695,"31.2830867,75.6464843",5.4e+08,-33.0548,40.2832
2024-06-01 11:18:25.695,"31.2830867,75.6464843",5.4e+08,-18.6163,7194.82
2024-06-01 11:18:25.713,"31.2830867,75.6464843",5.6e+08,-35.9715,588.379
2024-06-01 11:18:25.713,"31.2830867,75.6464843",5.6e+08,-30.1294,39.0625
2024-06-01 11:18:25.719,"31.2830867,75.6464843",5.8e+08,-34.4648,35.4004
2024-06-01 11:18:25.719,"31.2830867,75.6464843",5.8e+08,-14.0877,5156.25
2024-06-01 11:18:25.724,"31.2830867,75.6464843",6e+08,-34.7181,83.0078
2024-06-01 11:18:25.724,"31.2830867,75.6464843",6e+08,-34.3886,217.285
2024-06-01 11:18:25.729,"31.2830867,75.6464843",6.2e+08,-14.0824,4836.43
2024-06-01 11:18:26.040,"31.2830867,75.6464843",4e+07,-27.2797,52.4902
2024-06-01 11:18:26.040,"31.2830867,75.6464843",4e+07,-18.9238,7043.46
2024-06-01 11:18:26.040,"31.2830867,75.6464843",4e+07,-22.6269,52.4902
2024-06-01 11:18:26.054,"31.2830867,75.6464843",6e+07,-24.9741,39.0625
2024-06-01 11:18:26.060,"31.2830867,75.6464843",8e+07,-30.6042,39.0625
2024-06-01 11:18:26.060,"31.2830867,75.6464843",8e+07,-6.37477,2176.51
2024-06-01 11:18:26.065,"31.2830867,75.6464843",1e+08,-29.6272,39.0625
2024-06-01 11:18:26.065,"31.2830867,75.6464843",1e+08,-28.3151,37.8418
2024-06-01 11:18:26.070,"31.2830867,75.6464843",1.2e+08,-14.615,3592.53
2024-06-01 11:18:26.070,"31.2830867,75.6464843",1.2e+08,-18.0612,39.0625
2024-06-01 11:18:26.070,"31.2830867,75.6464843",1.2e+08,-22.4642,3441.16
2024-06-01 11:18:26.230,"31.2830867,75.6464843",1.6e+08,-22.1288,37.8418
2024-06-01 11:18:26.230,"31.2830867,75.6464843",1.6e+08,-32.1678,61.0352
2024-06-01 11:18:26.235,"31.2830867,75.6464843",1.8e+08,-27.8526,39.0625
2024-06-01 11:18:26.248,"31.2830867,75.6464843",2e+08,-31.5566,31.7383
2024-06-01 11:18:26.248,"31.2830867,75.6464843",2e+08,-14.6354,37.8418
2024-06-01 11:18:26.248,"31.2830867,75.6464843",2e+08,-8.41994,2032.47
2024-06-01 11:18:26.248,"31.2830867,75.6464843",2e+08,-15.0703,5078.12
2024-06-01 11:18:26.259,"31.2830867,75.6464843",2.4e+08,-30.0632,1884.77
2024-06-01 11:18:26.259,"31.2830867,75.6464843",2.4e+08,-32.5689,37.8418
2024-06-01 11:18:26.259,"31.2830867,75.6464843",2.4e+08,-28.5995,1741.94
2024-06-01 11:18:26.259,"31.2830867,75.6464843",2.4e+08,-22.2882,37.8418
2024-06-01 11:18:26.437,"31.2830867,75.6464843",3.2e+08,-29.014,37.8418
2024-06-01 11:18:26.443,"31.2830867,75.6464843",3.4e+08,-35.1759,57.373
2024-06-01 11:18:26.443,"31.2830867,75.6464843",3.4e+08,-27.9937,51.2695
2024-06-01 11:18:26.615,"31.2830867,75.6464843",4.2e+08,-32.6479,35.4004
2024-06-01 11:18:26.615,"31.2830867,75.6464843",4.2e+08,-33.7554,39.0625
2024-06-01 11:18:26.637,"31.2830867,75.6464843",4.6e+08,-18.6536,1151.12
2024-06-01 11:18:26.637,"31.2830867,75.6464843",4.6e+08,-27.494,37.8418
2024-06-01 11:18:26.642,"31.2830867,75.6464843",4.8e+08,-33.0104,37.8418
2024-06-01 11:18:26.647,"31.2830867,75.6464843",5e+08,-18.1952,1748.05
2024-06-01 11:18:26.647,"31.2830867,75.6464843",5e+08,-19.9025,7304.69
2024-06-01 11:18:26.804,"31.2830867,75.6464843",5.2e+08,-31.05,37.8418
2024-06-01 11:18:26.804,"31.2830867,75.6464843",5.2e+08,-33.6272,39.0625
2024-06-01 11:18:26.804,"31.2830867,75.6464843",5.2e+08,-33.9204,15.8691
2024-06-01 11:18:26.804,"31.2830867,75.6464843",5.2e+08,-20.9441,1398.93
2024-06-01 11:18:26.822,"31.2830867,75.6464843",5.6e+08,-33.0712,36.6211
2024-06-01 11:18:26.822,"31.2830867,75.6464843",5.6e+08,-19.4383,1762.7
2024-06-01 11:18:26.822,"31.2830867,75.6464843",5.6e+08,-11.29,5904.54
2024-06-01 11:18:26.822,"31.2830867,75.6464843",5.6e+08,-14.3452,4960.94
2024-06-01 11:18:26.840,"31.2830867,75.6464843",6e+08,-33.9716,1409.91
2024-06-01 11:18:26.845,"31.2830867,75.6464843",6.2e+08,-31.0942,65.918
2024-06-01 11:18:26.845,"31.2830867,75.6464843",6.2e+08,-19.8561,1600.34
2024-06-01 11:18:26.845,"31.2830867,75.6464843",6.2e+08,-11.027,5900.88
2024-06-01 11:18:27.000,"31.2831211,75.6464691",6.4e+08,-30.4595,35.4004
2024-06-01 11:18:27.156,"31.2831211,75.6464691",4e+07,-25.6154,2435.3
2024-06-01 11:18:27.174,"31.2831211,75.6464691",6e+07,-30.4986,334.473
2024-06-01 11:18:27.185,"31.2831211,75.6464691",1e+08,-29.0723,30.5176
2024-06-01 11:18:27.185,"31.2831211,75.6464691"
                                                                                                                                                                                                                                                                                                                                                                                                                                                                                                                                                                                                                                                                                                                                                                                                                                                                                                                                                                                                                                                                                                                                                                                                                                                                                                                                                                                                                                                                                                                                                                                                                                                                                                                                                                                                                                                                                                                                                                                                                                                                                                                                                                                                                                                                                                                                                                                                                                                                                                                                                                                                                                                                                                                                                                                                                                                                                                                                                                                                                                                                                                                                                                                                                                                                                                                                                                                                                                                                                                                                                                                                                                                                                                                                                                                                                                                                                                                                                                                                                                                                                                                                                                                                                                                                                                                                                                                                                                                                                                                                                                                                                                                                                                                                                                                                                                                                                                                                                                                                                                                                                                                                                                                                                                                                                                                                                                                                                                                                                                                                                                                                                                                                                                                                                                                                                                                                                                                                                                                                                                                                                                                                                                                                                                                                                                                                                                                                                                                                                                                                                                                                                                                                                                                                                                                                                                                                                                                                                                                                                                                                                                                                                                                                                                                                                                                                                                                                                                                                                                                                                                                                                                                                                                                                                                                                                                                                                                                                                                                                                                                                                                                                                                                                                                                                                                                                                                                                                                                                                                                 ,"31.2831211,75.6464691"
2024-06-01 11:18:33.214,"31.2831211,75.6464691",1.6e+08,-37.8136,79.3457
2024-06-01 11:18:33.214,"31.2831211,75.6464691",1.6e+08,-39.0324,35.4004
2024-06-01 11:18:33.232,"31.2831211,75.6464691",2e+08,-33.1858,30.5176
2024-06-01 11:18:33.232,"31.2831211,75.6464691",2e+08,-29.3842,62.2559
2024-06-01 11:18:33.250,"31.2831211,75.6464691",2.4e+08,-26.027,40.2832
2024-06-01 11:18:33.415,"31.2831211,75.6464691",3e+08,-38.4981,34.1797
2024-06-01 11:18:33.415,"31.2831211,75.6464691",3e+08,-25.7514,1678.47
2024-06-01 11:18:33.415,"31.2831211,75.6464691",3e+08,-20.8422,5034.18
2024-06-01 11:18:33.415,"31.2831211,75.6464691",3e+08,-27.2644,1318.36
2024-06-01 11:18:33.429,"31.2831211,75.6464691",3.2e+08,-31.8267,36.6211
2024-06-01 11:18:33.429,"31.2831211,75.6464691",3.2e+08,-37.8978,40.2832
2024-06-01 11:18:33.455,"31.2831211,75.6464691",3.8e+08,-37.7426,123.291
2024-06-01 11:18:33.455,"31.2831211,75.6464691",3.8e+08,-30.1745,37.8418
2024-06-01 11:18:33.615,"31.2831211,75.6464691",4.2e+08,-29.6916,37.8418
2024-06-01 11:18:33.615,"31.2831211,75.6464691",4.2e+08,-21.9001,37.8418
2024-06-01 11:18:33.615,"31.2831211,75.6464691",4.2e+08,-21.6583,4755.86
2024-06-01 11:18:33.632,"31.2831211,75.6464691",4.4e+08,-14.367,7609.86
2024-06-01 11:18:33.651,"31.2831211,75.6464691",4.8e+08,-32.6273,19.5312
2024-06-01 11:18:33.817,"31.2831211,75.6464691",5.4e+08,-31.6664,36.6211
2024-06-01 11:18:33.817,"31.2831211,75.6464691",5.4e+08,-28.1918,2283.94
2024-06-01 11:18:33.817,"31.2831211,75.6464691",5.4e+08,-34.5491,83.0078
2024-06-01 11:18:33.817,"31.2831211,75.6464691",5.4e+08,-17.0002,2095.95
2024-06-01 11:18:33.844,"31.2831211,75.6464691",5.8e+08,-33.4332,2003.17
2024-06-01 11:18:33.844,"31.2831211,75.6464691",5.8e+08,-35.4294,216.064
2024-06-01 11:18:33.844,"31.2831211,75.6464691",5.8e+08,-30.3513,18.3105
2024-06-01 11:18:33.844,"31.2831211,75.6464691",5.8e+08,-30.777,1052.25
2024-06-01 11:18:33.844,"31.2831211,75.6464691",5.8e+08,-23.6331,37.8418
2024-06-01 11:18:33.850,"31.2831211,75.6464691",6e+08,-24.2562,2310.79
2024-06-01 11:18:33.850,"31.2831211,75.6464691",6e+08,-14.8684,5236.82
2024-06-01 11:18:33.850,"31.2831211,75.6464691",6e+08,-6.76922,1960.45
2024-06-01 11:18:33.854,"31.2831211,75.6464691",6.2e+08,-20.3735,5216.06
2024-06-01 11:18:34.011,"31.2831211,75.6464691",6.4e+08,-24.4886,76.9043
2024-06-01 11:18:34.011,"31.2831211,75.6464691",6.4e+08,-23.5994,1400.15
2024-06-01 11:18:34.011,"31.2831211,75.6464691",6.4e+08,-26.4654,961.914
2024-06-01 11:18:34.011,"31.2831211,75.6464691",6.4e+08,-34.214,21.9727
2024-06-01 11:18:34.011,"31.2831211,75.6464691",6.4e+08,-8.80873,12843
2024-06-01 11:18:34.166,"31.2831211,75.6464691",4e+07,-27.0347,37.8418
2024-06-01 11:18:34.166,"31.2831211,75.6464691",4e+07,-21.6155,1585.69
2024-06-01 11:18:34.180,"31.2831211,75.6464691",6e+07,-18.4222,3377.69
2024-06-01 11:18:34.180,"31.2831211,75.6464691",6e+07,-20.8648,1500.24
2024-06-01 11:18:34.186,"31.2831211,75.6464691",8e+07,-19.3828,1781.01
2024-06-01 11:18:34.186,"31.2831211,75.6464691",8e+07,-15.7571,37.8418
2024-06-01 11:18:34.204,"31.2831211,75.6464691",1e+08,-9.36498,7486.57
2024-06-01 11:18:34.209,"31.2831211,75.6464691",1.2e+08,-5.58438,2182.62
2024-06-01 11:18:34.209,"31.2831211,75.6464691",1.2e+08,-20.5525,3337.4
2024-06-01 11:18:34.370,"31.2831211,75.6464691",1.6e+08,-21.2861,37.8418
2024-06-01 11:18:34.402,"31.2831211,75.6464691",2.2e+08,-26.076,18.3105
2024-06-01 11:18:34.402,"31.2831211,75.6464691",2.2e+08,-27.3571,1505.13
2024-06-01 11:18:34.411,"31.2831211,75.6464691",2.6e+08,-30.907,20.752
2024-06-01 11:18:34.411,"31.2831211,75.6464691",2.6e+08,-38.9716,40.2832
2024-06-01 11:18:34.411,"31.2831211,75.6464691",2.6e+08,-15.7323,2156.98
2024-06-01 11:18:34.573,"31.2831211,75.6464691",3e+08,-7.69668,12512.2
2024-06-01 11:18:34.605,"31.2831211,75.6464691",3.4e+08,-30.7198,35.4004
2024-06-01 11:18:34.605,"31.2831211,75.6464691",3.4e+08,-30.9093,21.9727
2024-06-01 11:18:34.605,"31.2831211,75.6464691",3.4e+08,-27.1497,6240.23
2024-06-01 11:18:34.610,"31.2831211,75.6464691",3.6e+08,-30.2819,39.0625
2024-06-01 11:18:34.610,"31.2831211,75.6464691",3.6e+08,-20.3726,7326.66
2024-06-01 11:18:34.773,"31.2831211,75.6464691",4e+08,-30.0941,39.0625
2024-06-01 11:18:34.777,"31.2831211,75.6464691",4.2e+08,-26.3493,36.6211
2024-06-01 11:18:34.790,"31.2831211,75.6464691",4.4e+08,-27.7885,39.0625
2024-06-01 11:18:34.810,"31.2831211,75.6464691",4.8e+08,-33.5992,36.6211
2024-06-01 11:18:34.815,"31.2831211,75.6464691",5e+08,-34.5722,37.8418
2024-06-01 11:18:34.815,"31.2831211,75.6464691",5e+08,-26.6416,37.8418
2024-06-01 11:18:34.972,"31.2831211,75.6464691",5.2e+08,-34.4098,78.125
2024-06-01 11:18:34.972,"31.2831211,75.6464691",5.2e+08,-35.8239,101.318
2024-06-01 11:18:35.015,"31.2831211,75.6464691",6.2e+08,-34.3131,37.8418
2024-06-01 11:18:35.015,"31.2831211,75.6464691",6.2e+08,-31.1089,36.6211
2024-06-01 11:18:35.328,"31.2831211,75.6464691",4e+07,-25.2608,73.2422
2024-06-01 11:18:35.328,"31.2831211,75.6464691",4e+07,-10.0916,10826.4
2024-06-01 11:18:35.328,"31.2831211,75.6464691",4e+07,-25.8786,25.6348
2024-06-01 11:18:35.344,"31.2831211,75.6464691",6e+07,-28.0349,37.8418
2024-06-01 11:18:35.344,"31.2831211,75.6464691",6e+07,-28.9631,139.16
2024-06-01 11:18:35.344,"31.2831211,75.6464691",6e+07,-35.2261,2673.34
2024-06-01 11:18:35.350,"31.2831211,75.6464691",8e+07,-26.6174,37.8418
2024-06-01 11:18:35.350,"31.2831211,75.6464691",8e+07,-19.1101,37.8418
2024-06-01 11:18:35.350,"31.2831211,75.6464691",8e+07,-18.2107,5125.73
2024-06-01 11:18:35.356,"31.2831211,75.6464691",1e+08,-24.5757,1618.65
2024-06-01 11:18:35.356,"31.2831211,75.6464691",1e+08,-26.0983,7500
2024-06-01 11:18:35.356,"31.2831211,75.6464691",1e+08,-28.5416,32.959
2024-06-01 11:18:35.370,"31.2831211,75.6464691",1.2e+08,-20.6857,1547.85
2024-06-01 11:18:35.370,"31.2831211,75.6464691",1.2e+08,-8.97194,2216.8
2024-06-01 11:18:35.375,"31.2831211,75.6464691",1.4e+08,-24.8765,1385.5
2024-06-01 11:18:35.375,"31.2831211,75.6464691",1.4e+08,-29.0808,51.2695
2024-06-01 11:18:35.375,"31.2831211,75.6464691",1.4e+08,-10.157,2138.67
2024-06-01 11:18:35.531,"31.2831211,75.6464691",1.6e+08,-26.3921,264.893
2024-06-01 11:18:35.531,"31.2831211,75.6464691",1.6e+08,-25.1691,267.334
2024-06-01 11:18:35.531,"31.2831211,75.6464691",1.6e+08,-28.3468,39.0625
2024-06-01 11:18:35.531,"31.2831211,75.6464691",1.6e+08,-35.5061,37.8418
2024-06-01 11:18:35.531,"31.2831211,75.6464691",1.6e+08,-38.9841,37.8418
2024-06-01 11:18:35.531,"31.2831211,75.6464691",1.6e+08,-34.2047,39.0625
2024-06-01 11:18:35.531,"31.2831211,75.6464691",1.6e+08,-21.2676,1184.08
2024-06-01 11:18:35.531,"31.2831211,75.6464691",1.6e+08,-14.9464,37.8418
2024-06-01 11:18:35.548,"31.2831211,75.6464691",2e+08,-25.47,37.8418
2024-06-01 11:18:35.553,"31.2831211,75.6464691",2.2e+08,-9.90716,2136.23
2024-06-01 11:18:35.572,"31.2831211,75.6464691",2.6e+08,-33.8834,36.6211
2024-06-01 11:18:35.572,"31.2831211,75.6464691",2.6e+08,-22.0308,8916.02
2024-06-01 11:18:35.733,"31.2831211,75.6464691",2.8e+08,-38.0415,31.7383
2024-06-01 11:18:35.733,"31.2831211,75.6464691",2.8e+08,-9.68972,12833.3
2024-06-01 11:18:35.749,"31.2831211,75.6464691",3.2e+08,-11.1102,2039.79
2024-06-01 11:18:35.755,"31.2831211,75.6464691",3.4e+08,-17.3304,1621.09
2024-06-01 11:18:35.931,"31.2831211,75.6464691",4e+08,-44.1288,117.188
2024-06-01 11:18:35.935,"31.2831211,75.6464691",4.2e+08,-37.896,2130.13
2024-06-01 11:18:35.935,"31.2831211,75.6464691",4.2e+08,-28.7718,39.0625
2024-06-01 11:18:35.935,"31.2831211,75.6464691",4.2e+08,-30.1688,162.354
2024-06-01 11:18:35.958,"31.2831211,75.6464691",4.6e+08,-15.1238,5716.55
2024-06-01 11:18:35.976,"31.2831211,75.6464691",5e+08,-37.1333,39.0625
2024-06-01 11:18:35.976,"31.2831211,75.6464691",5e+08,-32.0092,627.441
2024-06-01 11:18:36.132,"31.2831211,75.6464691",5.2e+08,-32.6209,36.6211
2024-06-01 11:18:36.137,"31.2831211,75.6464691",5.4e+08,-12.6648,7596.44
2024-06-01 11:18:36.149,"31.2831211,75.6464691",5.6e+08,-32.078,72.0215
2024-06-01 11:18:36.149,"31.2831211,75.6464691",5.6e+08,-27.6423,37.8418
2024-06-01 11:18:36.159,"31.2831211,75.6464691",6e+08,-31.3796,59.8145
2024-06-01 11:18:36.160,"31.2831211,75.6464691",6e+08,-19.1716,37.8418
2024-06-01 11:18:36.173,"31.2831211,75.6464691",6.2e+08,-35.6819,92.7734
2024-06-01 11:18:36.330,"31.2831211,75.6464691",6.4e+08,-32.9008,14.6484
2024-06-01 11:18:36.330,"31.2831211,75.6464691",6.4e+08,-31.5702,21.9727
2024-06-01 11:18:36.330,"31.2831211,75.6464691",6.4e+08,-35.1493,35.4004
2024-06-01 11:18:36.330,"31.2831211,75.6464691",6.4e+08,-22.4669,1411.13
2024-06-01 11:18:36.498,"31.2831211,75.6464691",6e+07,-18.4608,4617.92
2024-06-01 11:18:36.498,"31.2831211,75.6464691",6e+07,-29.2663,35.4004
2024-06-01 11:18:36.498,"31.2831211,75.6464691",6e+07,-23.5507,1105.96
2024-06-01 11:18:36.498,"31.2831211,75.6464691",6e+07,-21.2777,2241.21
2024-06-01 11:18:36.504,"31.2831211,75.6464691",8e+07,-14.9712,1954.35
2024-06-01 11:18:36.508,"31.2831211,75.6464691",1e+08,-29.7168,7667.24
2024-06-01 11:18:36.513,"31.2831211,75.6464691",1.2e+08,-28.7522,35.4004
2024-06-01 11:18:36.513,"31.2831211,75.6464691",1.2e+08,-31.3328,21.9727
2024-06-01 11:18:36.513,"31.2831211,75.6464691",1.2e+08,-22.2758,37.8418
2024-06-01 11:18:36.684,"31.2831211,75.6464691",1.6e+08,-24.0032,1435.55
2024-06-01 11:18:36.684,"31.2831211,75.6464691",1.6e+08,-24.4545,955.811
2024-06-01 11:18:36.684,"31.2831211,75.6464691",1.6e+08,-29.7358,17.0898
2024-06-01 11:18:36.684,"31.2831211,75.6464691",1.6e+08,-30.3971,23.1934
2024-06-01 11:18:36.684,"31.2831211,75.6464691",1.6e+08,-7.6151,12600.1
2024-06-01 11:18:36.684,"31.2831211,75.6464691",1.6e+08,-29.1496,19.5312
2024-06-01 11:18:36.688,"31.2831211,75.6464691",1.8e+08,-14.0179,39.0625
2024-06-01 11:18:36.704,"31.2831211,75.6464691",2e+08,-14.1738,37.8418
2024-06-01 11:18:36.710,"31.2831211,75.6464691",2.2e+08,-31.3835,37.8418
2024-06-01 11:18:36.715,"31.2831211,75.6464691",2.4e+08,-16.3926,37.8418
2024-06-01 11:18:36.734,"31.2831211,75.6464691",2.6e+08,-27.3433,328.369
2024-06-01 11:18:36.889,"31.2831211,75.6464691",2.8e+08,-45.741,36.6211
2024-06-01 11:18:36.889,"31.2831211,75.6464691",2.8e+08,-34.9044,84.2285
2024-06-01 11:18:36.889,"31.2831211,75.6464691",2.8e+08,-15.1612,12489
2024-06-01 11:18:36.894,"31.2831211,75.6464691",3e+08,-10.8515,7655.03
2024-06-01 11:18:36.894,"31.2831211,75.6464691",3e+08,-14.2098,4943.85
2024-06-01 11:18:36.906,"31.2831211,75.6464691",3.2e+08,-35.1569,93.9941
2024-06-01 11:18:36.906,"31.2831211,75.6464691",3.2e+08,-23.6344,36.6211
2024-06-01 11:18:36.912,"31.2831211,75.6464691",3.4e+08,-33.7385,39.0625
2024-06-01 11:18:36.912,"31.2831211,75.6464691",3.4e+08,-36.2278,46.3867
2024-06-01 11:18:36.912,"31.2831211,75.6464691",3.4e+08,-12.9429,2187.5
2024-06-01 11:18:36.912,"31.2831211,75.6464691",3.4e+08,-20.805,5035.4
2024-06-01 11:18:36.930,"31.2831211,75.6464691",3.8e+08,-19.8361,1391.6
2024-06-01 11:18:37.090,"31.2831211,75.6464691",4.2e+08,-31.4912,37.8418
2024-06-01 11:18:37.090,"31.2831211,75.6464691",4.2e+08,-31.1456,1076.66
2024-06-01 11:18:37.090,"31.2831211,75.6464691",4.2e+08,-29.3515,7374.27
2024-06-01 11:18:37.108,"31.2831211,75.6464691",4.6e+08,-10.4137,7578.12
2024-06-01 11:18:37.108,"31.2831211,75.6464691",4.6e+08,-13.9134,4841.31
2024-06-01 11:18:37.112,"31.2831211,75.6464691",4.8e+08,-35.5121,115.967
2024-06-01 11:18:37.112,"31.2831211,75.6464691",4.8e+08,-33.9963,31.7383
2024-06-01 11:18:37.112,"31.2831211,75.6464691",4.8e+08,-31.1694,625
2024-06-01 11:18:37.112,"31.2831211,75.6464691",4.8e+08,-21.0336,157.471
2024-06-01 11:18:37.118,"31.2831211,75.6464691",5e+08,-8.22577,2122.8
2024-06-01 11:18:37.288,"31.2831211,75.6464691",5.2e+08,-36.0599,42.7246
2024-06-01 11:18:37.292,"31.2831211,75.6464691",5.4e+08,-40.9137,516.357
2024-06-01 11:18:37.314,"31.2831211,75.6464691",5.6e+08,-34.1497,53.7109
2024-06-01 11:18:37.314
