time,500,channel frequency, channel magnitude, channel bandwidth
2024-06-04 19:46:47.871,500,80.6384,-13.2468,37.8418
2024-06-04 19:46:47.871,500,91.9043,6.83247,90.332
2024-06-04 19:46:47.871,500,92.7039,0.561613,135.498
2024-06-04 19:46:47.871,500,94.2834,5.61144,106.201
2024-06-04 19:46:47.931,500,100.625,20.3481,102.539
2024-06-04 19:46:47.931,500,102.706,12.4229,114.746
2024-06-04 19:46:47.937,500,121.58,-24.878,147.705
2024-06-04 19:46:47.937,500,121.746,-24.6652,124.512
2024-06-04 19:46:47.937,500,122.052,-24.3784,335.693
2024-06-04 19:46:47.937,500,124.066,-21.6853,3621.83
2024-06-04 19:46:47.937,500,129.095,-10.826,5950.93
2024-06-04 19:46:47.942,500,149.114,-8.94049,5667.72
2024-06-04 19:46:47.942,500,154.712,-14.1075,4488.53
2024-06-04 19:46:48.133,500,244.819,-18.7787,438.232
2024-06-04 19:46:48.133,500,252.369,-15.1417,5225.83
2024-06-04 19:46:48.133,500,255.027,-12.0521,28.0762
2024-06-04 19:46:48.133,500,255.088,-13.0749,30.5176
2024-06-04 19:46:48.133,500,255.149,-12.693,25.6348
2024-06-04 19:46:48.133,500,255.259,-7.02729,41.5039
2024-06-04 19:46:48.133,500,255.448,10.1799,74.4629
2024-06-04 19:46:48.133,500,255.582,-4.03672,31.7383
2024-06-04 19:46:48.133,500,255.645,-5.09852,28.0762
2024-06-04 19:46:48.133,500,255.704,-6.15871,29.2969
2024-06-04 19:46:48.137,500,267.625,-34.1693,12048.3
2024-06-04 19:46:48.137,500,277.606,-12.871,175.781
2024-06-04 19:46:48.142,500,283.267,-2.91009,460.205
2024-06-04 19:46:48.142,500,287.244,4.06342,1563.72
2024-06-04 19:46:48.142,500,288.287,-5.39548,113.525
2024-06-04 19:46:48.147,500,300.22,-13.1853,148.926
2024-06-04 19:46:48.147,500,300.835,2.66136,136.719
2024-06-04 19:46:48.147,500,301.025,-3.06856,123.291
2024-06-04 19:46:48.147,500,301.398,19.8976,219.727
2024-06-04 19:46:48.147,500,301.803,-8.79678,72.0215
2024-06-04 19:46:48.147,500,302.007,-2.90836,155.029
2024-06-04 19:46:48.147,500,302.234,-8.66657,136.719
2024-06-04 19:46:48.147,500,302.672,-18.0161,40.2832
2024-06-04 19:46:48.147,500,302.965,-18.6801,41.5039
2024-06-04 19:46:48.147,500,303.235,-12.8711,146.484
2024-06-04 19:46:48.147,500,303.752,-21.1541,52.4902
2024-06-04 19:46:48.147,500,303.859,-15.1066,87.8906
2024-06-04 19:46:48.147,500,304.796,-3.6897,78.125
2024-06-04 19:46:48.320,500,346.101,23.0237,20.752
2024-06-04 19:46:48.334,500,360.26,-7.12903,32.959
2024-06-04 19:46:48.334,500,360.396,-6.37172,163.574
2024-06-04 19:46:48.334,500,362.043,-8.68008,107.422
2024-06-04 19:46:48.334,500,362.466,-8.35352,37.8418
2024-06-04 19:46:48.334,500,363.458,-2.59672,249.023
2024-06-04 19:46:48.334,500,363.837,-4.33702,34.1797
2024-06-04 19:46:48.334,500,364.419,-3.67606,39.0625
2024-06-04 19:46:48.358,500,391.058,-8.68443,2132.57
2024-06-04 19:46:48.358,500,393.944,-18.5918,3035.89
2024-06-04 19:46:48.363,500,403.634,-24.4874,227.051
2024-06-04 19:46:48.363,500,404.098,-25.501,25.6348
2024-06-04 19:46:48.363,500,414.402,-15.0609,8818.36
2024-06-04 19:46:48.368,500,422.889,-25.9412,1429.44
2024-06-04 19:46:48.368,500,424.821,-11.8133,916.748
2024-06-04 19:46:48.368,500,425.854,-8.82282,207.52
2024-06-04 19:46:48.368,500,426.335,-20.1423,90.332
2024-06-04 19:46:48.368,500,426.96,-12.3371,93.9941
2024-06-04 19:46:48.368,500,427.812,-15.861,351.562
2024-06-04 19:46:48.524,500,443.971,-22.519,107.422
2024-06-04 19:46:48.524,500,444.375,-25.2061,41.5039
2024-06-04 19:46:48.524,500,453.909,-18.9218,3032.23
2024-06-04 19:46:48.529,500,470.568,-18.9982,1997.07
2024-06-04 19:46:48.529,500,475.813,-20.9681,39.0625
2024-06-04 19:46:48.546,500,490.01,-10.7985,37.8418
2024-06-04 19:46:48.546,500,494.105,-16.6925,3034.67
2024-06-04 19:46:48.546,500,496.205,-16.9772,42.7246
2024-06-04 19:46:48.553,500,501.875,-21.3742,567.627
2024-06-04 19:46:48.553,500,504.399,-19.3358,86.6699
2024-06-04 19:46:48.553,500,505.801,-24.1228,644.531
2024-06-04 19:46:48.553,500,510.005,-12.4599,43.9453
2024-06-04 19:46:48.553,500,512.606,-12.9024,480.957
2024-06-04 19:46:48.553,500,513.191,-13.4772,611.572
2024-06-04 19:46:48.728,500,582.059,-17.4304,185.547
2024-06-04 19:46:48.749,500,610.743,-9.89893,664.062
2024-06-04 19:46:48.749,500,615.189,0.101925,516.357
2024-06-04 19:46:48.757,500,620.294,-23.6743,37.8418
2024-06-04 19:46:48.757,500,621.584,-22.3492,859.375
2024-06-04 19:46:48.917,500,58.5278,-6.39652,192.871
2024-06-04 19:46:48.917,500,68.4497,-4.74523,39.0625
2024-06-04 19:46:48.938,500,83.0872,-13.1535,283.203
2024-06-04 19:46:48.961,500,91.925,9.23251,57.373
2024-06-04 19:46:48.962,500,92.6746,3.69964,46.3867
2024-06-04 19:46:48.962,500,94.3066,9.53668,172.119
2024-06-04 19:46:48.962,500,98.3203,12.3341,79.3457
2024-06-04 19:46:48.962,500,100.621,30.3448,74.4629
2024-06-04 19:46:48.981,500,120.011,-24.2769,37.8418
2024-06-04 19:46:48.986,500,140.01,-30.7477,39.0625
2024-06-04 19:46:48.986,500,144.988,-18.4711,201.416
2024-06-04 19:46:48.986,500,145.304,-16.1917,373.535
2024-06-04 19:46:49.167,500,207.168,-10.1993,15.8691
2024-06-04 19:46:49.167,500,207.494,-15.0197,201.416
2024-06-04 19:46:49.167,500,207.744,-10.2549,68.3594
2024-06-04 19:46:49.167,500,208.439,-12.0245,191.65
2024-06-04 19:46:49.167,500,209.308,-15.1234,421.143
2024-06-04 19:46:49.173,500,215.957,-14.1825,48.8281
2024-06-04 19:46:49.173,500,216.136,-13.2997,91.5527
2024-06-04 19:46:49.173,500,216.239,-16.7295,35.4004
2024-06-04 19:46:49.173,500,216.31,-15.6574,41.5039
2024-06-04 19:46:49.173,500,216.417,-13.144,52.4902
2024-06-04 19:46:49.173,500,216.609,-8.81659,36.6211
2024-06-04 19:46:49.173,500,216.714,-9.16092,21.9727
2024-06-04 19:46:49.173,500,216.814,-10.7139,42.7246
2024-06-04 19:46:49.343,500,294.495,-25.6484,78.125
2024-06-04 19:46:49.343,500,300.011,-18.1586,39.0625
2024-06-04 19:46:49.363,500,320.605,15.5131,233.154
2024-06-04 19:46:49.363,500,321.006,4.75514,163.574
2024-06-04 19:46:49.363,500,322.83,-5.18264,145.264
2024-06-04 19:46:49.363,500,324.236,7.19963,147.705
2024-06-04 19:46:49.363,500,325.192,-5.09271,109.863
2024-06-04 19:46:49.363,500,325.856,-2.03595,81.7871
2024-06-04 19:46:49.363,500,329.441,13.3008,144.043
2024-06-04 19:46:49.390,500,344.905,-13.2254,1441.65
2024-06-04 19:46:49.390,500,346.65,-15.2127,706.787
2024-06-04 19:46:49.396,500,366.007,-7.18463,32.959
2024-06-04 19:46:49.396,500,366.173,-7.97297,246.582
2024-06-04 19:46:49.396,500,366.976,-7.40411,156.25
2024-06-04 19:46:49.396,500,367.22,-10.1319,161.133
2024-06-04 19:46:49.396,500,367.645,-6.4108,76.9043
2024-06-04 19:46:49.396,500,367.827,-20.4026,156.25
2024-06-04 19:46:49.396,500,368.677,-8.27118,40.2832
2024-06-04 19:46:49.396,500,368.884,-8.23178,302.734
2024-06-04 19:46:49.399,500,373.748,-28.6117,233.154
2024-06-04 19:46:49.556,500,394.486,-19.803,39.0625
2024-06-04 19:46:49.556,500,400.97,-5.56848,9628.91
2024-06-04 19:46:49.561,500,420.011,-27.8736,36.6211
2024-06-04 19:46:49.585,500,464.39,-19.8733,1218.26
2024-06-04 19:46:49.585,500,467.671,-18.6347,36.6211
2024-06-04 19:46:49.585,500,468.922,-23.1251,35.4004
2024-06-04 19:46:49.590,500,480.011,-28.4244,37.8418
2024-06-04 19:46:49.594,500,496.209,-22.5769,37.8418
2024-06-04 19:46:49.594,500,500.012,-16.9207,37.8418
2024-06-04 19:46:49.594,500,503.019,-27.0599,458.984
2024-06-04 19:46:49.756,500,533.632,-23.6979,347.9
2024-06-04 19:46:49.756,500,535.488,-17.2384,1025.39
2024-06-04 19:46:49.774,500,560.011,-16.6082,37.8418
2024-06-04 19:46:49.774,500,567.491,-19.9344,40.2832
2024-06-04 19:46:49.785,500,570.151,-12.7556,189.209
2024-06-04 19:46:49.785,500,580.01,-16.9123,39.0625
2024-06-04 19:46:49.791,500,591.332,-3.90664,42.7246
2024-06-04 19:46:49.791,500,600.011,-21.4577,37.8418
2024-06-04 19:46:49.952,500,641.964,-19.4182,11398.9
2024-06-04 19:46:50.109,500,39.4275,-17.7504,42.7246
2024-06-04 19:46:50.109,500,40.708,-6.3506,2049.56
2024-06-04 19:46:50.128,500,60.7629,-19.6628,270.996
2024-06-04 19:46:50.128,500,62.1228,-16.1398,240.479
2024-06-04 19:46:50.128,500,62.4463,-20.0279,157.471
2024-06-04 19:46:50.133,500,85.8118,-1.52159,4395.75
2024-06-04 19:46:50.138,500,91.8835,12.4129,73.2422
2024-06-04 19:46:50.138,500,94.2749,9.10208,57.373
2024-06-04 19:46:50.138,500,98.310,200.011,-23.6415,37.8418
2024-06-04 19:46:50.346,500,207.477,-6.83099,367.432
2024-06-04 19:46:50.375,500,220.011,-15.5317,36.6211
2024-06-04 19:46:50.375,500,227.561,-21.8907,408.936
2024-06-04 19:46:50.382,500,231.521,-25.2507,230.713
2024-06-04 19:46:50.382,500,235.078,-21.5902,1881.1
2024-06-04 19:46:50.382,500,240.007,-16.4677,37.8418
2024-06-04 19:46:50.386,500,250.518,-14.9086,209.961
2024-06-04 19:46:50.542,500,272.549,-27.931,157.471
2024-06-04 19:46:50.542,500,279.338,-15.7257,6274.41
2024-06-04 19:46:50.542,500,283.446,-29.1232,455.322
2024-06-04 19:46:50.547,500,293.282,-21.6176,32.959
2024-06-04 19:46:50.547,500,293.59,-26.3412,296.631
2024-06-04 19:46:50.547,500,300.01,-15.051,37.8418
2024-06-04 19:46:50.547,500,307.747,-25.1557,39.0625
2024-06-04 19:46:50.565,500,310.219,-15.1948,111.084
2024-06-04 19:46:50.565,500,320.613,-4.56894,151.367
2024-06-04 19:46:50.565,500,321.649,-2.29692,45.166
2024-06-04 19:46:50.565,500,322.031,-10.6555,142.822
2024-06-04 19:46:50.565,500,323.834,-11.8431,155.029
2024-06-04 19:46:50.565,500,324.197,-4.36139,81.7871
2024-06-04 19:46:50.565,500,324.822,-17.6815,130.615
2024-06-04 19:46:50.565,500,329.426,2.74262,173.34
2024-06-04 19:46:50.575,500,367.686,-13.5134,3690.19
2024-06-04 19:46:50.580,500,373.931,-35.6355,101.318
2024-06-04 19:46:50.740,500,417.885,-13.7661,3337.4
2024-06-04 19:46:50.740,500,421.018,-6.34784,2042.24
2024-06-04 19:46:50.766,500,432.644,-27.1425,3720.7
2024-06-04 19:46:50.795,500,480.015,-15.4444,37.8418
2024-06-04 19:46:50.800,500,494.056,-26.1886,533.447
2024-06-04 19:46:50.800,500,495.608,-21.4141,37.8418
2024-06-04 19:46:50.800,500,496.808,-20.9652,39.0625
2024-06-04 19:46:50.800,500,498.235,-2.23074,56.1523
2024-06-04 19:46:50.800,500,498.555,-11.2359,42.7246
2024-06-04 19:46:50.800,500,500.012,-17.9933,37.8418
2024-06-04 19:46:50.800,500,502.207,-26.2062,39.0625
2024-06-04 19:46:50.956,500,514.227,-24.5648,75.6836
2024-06-04 19:46:50.956,500,515.165,-19.0274,1228.03
2024-06-04 19:46:50.961,500,540.012,-17.891,37.8418
2024-06-04 19:46:50.961,500,546.034,-24.1167,109.863
2024-06-04 19:46:50.979,500,555.833,-22.0551,3166.5
2024-06-04 19:46:50.979,500,560.011,-22.2593,37.8418
2024-06-04 19:46:50.984,500,571.688,-26.43,57.373
2024-06-04 19:46:50.989,500,600.01,-18.8416,39.0625
2024-06-04 19:46:51.150,500,633.705,-23.9866,2528.08
2024-06-04 19:46:51.306,500,38.6353,-3.56269,152.588
2024-06-04 19:46:51.325,500,56.5967,-15.9903,8674.32
2024-06-04 19:46:51.326,500,61.9812,-22.0692,40.2832
2024-06-04 19:46:51.326,500,62.5635,-16.7366,185.547
2024-06-04 19:46:51.326,500,62.7185,-23.4247,37.8418
2024-06-04 19:46:51.326,500,62.9395,-16.8468,187.988
2024-06-04 19:46:51.326,500,63.3179,-18.0306,98.877
2024-06-04 19:46:51.326,500,64.1675,-16.9185,20.752
2024-06-04 19:46:51.330,500,81.1951,-5.87447,4378.66
2024-06-04 19:46:51.330,500,84.3787,0.631142,1699.22
2024-06-04 19:46:51.337,500,91.8909,0.467437,93.9941
2024-06-04 19:46:51.337,500,92.7222,2.24921,124.512
2024-06-04 19:46:51.337,500,94.2896,-3.83177,40.2832
2024-06-04 19:46:51.337,500,98.2959,2.25567,125.732
2024-06-04 19:46:51.337,500,100.614,27.7698,120.85
2024-06-04 19:46:51.340,500,120.011,-21.2097,37.8418
2024-06-04 19:46:51.345,500,142.845,-17.5456,4487.3
2024-06-04 19:46:51.515,500,153.663,-12.3444,338.135
2024-06-04 19:46:51.515,500,155.304,-19.1974,30.5176
2024-06-04 19:46:51.515,500,155.974,-23.0413,90.332
2024-06-04 19:46:51.515,500,157.306,-16.1735,39.0625
2024-06-04 19:46:51.515,500,162.297,-18.079,18.3105
2024-06-04 19:46:51.519,500,175.031,-21.0484,1767.58
2024-06-04 19:46:51.519,500,180.009,-14.6253,37.8418
2024-06-04 19:46:51.537,500,200.011,-31.0295,37.8418
2024-06-04 19:46:51.544,500,220.007,-11.8965,36.6211
2024-06-04 19:46:51.544,500,224.918,-12.6628,1854.25
2024-06-04 19:46:51.547,500,234.052,-26.7106,172.119
2024-06-04 19:46:51.547,500,235.118,-25.8899,1885.99
2024-06-04 19:46:51.547,500,241.033,-16.5888,2082.52
2024-06-04 19:46:51.547,500,244.709,-21.8673,4835.21
2024-06-04 19:46:51.547,500,249.282,-30.0646,300.293
2024-06-04 19:46:51.565,500,251.102,-13.4475,1378.17
2024-06-04 19:46:51.722,500,280.011,-25.7574,37.8418
2024-06-04 19:46:51.727,500,293.248,-23.3858,440.674
2024-06-04 19:46:51.727,500,293.754,-25.211,37.8418
2024-06-04 19:46:51.743,500,320.011,-22.7513,37.8418
2024-06-04 19:46:51.743,500,320.199,-0.941522,230.713
2024-06-04 19:46:51.743,500,321.591,0.453026,198.975
2024-06-04 19:46:51.743,500,322.816,-2.14726,189.209
2024-06-04 19:46:51.743,500,324.198,7.2485,211.182
2024-06-04 19:46:51.743,500,324.817,-4.27517,581.055
2024-06-04 19:46:51.743,500,325.829,1.72797,249.023
2024-06-04 19:46:51.743,500,326.213,-18.6325,156.25
2024-06-04 19:46:51.743,500,329.432,14.1857,141.602
2024-06-04 19:46:51.771,500,340.011,-22.2434,39.0625
2024-06-04 19:46:51.771,500,343.861,-21.7245,131.836
2024-06-04 19:46:51.776,500,355.291,-21.7656,1505.13
2024-06-04 19:46:51.776,500,360.011,-14.2286,37.8418
2024-06-04 19:46:51.776,500,365.942,-8.9184,205.078
2024-06-04 19:46:51.776,500,366.217,-8.42683,35.4004
2024-06-04 19:46:51.776,500,366.908,-12.1741,31.7383
2024-06-04 19:46:51.776,500,366.998,-17.3647,37.8418
2024-06-04 19:46:51.776,500,368.256,-10.8559,32.959
2024-06-04 19:46:51.776,500,369.375,-11.317,20.752
2024-06-04 19:46:51.776,500,369.43,-13.7991,19.5312
2024-06-04 19:46:51.781,500,374.136,-29.8263,316.162
2024-06-04 19:46:51.781,500,380.012,-18.0194,37.8418
2024-06-04 19:46:51.937,500,394.146,-29.7712,37.8418
2024-06-04 19:46:51.937,500,400.652,-6.08547,12618.4
2024-06-04 19:46:51.937,500,408.291,-18.9838,1484.38
2024-06-04 19:46:51.937,500,409.186,-30.5337,31.7383
2024-06-04 19:46:51.960,500,434.204,-21.8414,23.1934
2024-06-04 19:46:51.960,500,440.011,-24.1023,37.8418
2024-06-04 19:46:51.978,500,461.067,-12.7886,2150.88
2024-06-04 19:46:51.979,500,465.056,-17.5005,1717.53
2024-06-04 19:46:51.979,500,466.63,-21.1162,937.5
2024-06-04 19:46:51.979,500,468.275,-17.8095,701.904
2024-06-04 19:46:51.984,500,472.642,-30.5892,39.0625
2024-06-04 19:46:51.989,500,500.011,-29.2172,37.8418
2024-06-04 19:46:52.145,500,512.512,-27.9644,40.2832
2024-06-04 19:46:52.175,500,553.276,-27.6256,2282.71
2024-06-04 19:46:52.180,500,576.447,22.32,37.8418
2024-06-04 19:46:52.180,500,580.012,-15.2209,39.0625
2024-06-04 19:46:52.180,500,583.5,-7.36659,64.6973
2024-06-04 19:46:52.186,500,591.427,-3.03573,388.184
2024-06-04 19:46:52.190,500,613.672,-23.0355,129.395
2024-06-04 19:46:52.346,500,633.396,-16.6934,36.6211
2024-06-04 19:46:52.503,500,39.574,-11.2232,229.492
2024-06-04 19:46:52.503,500,49.4324,0.0829907,117.188
2024-06-04 19:46:52.521,500,61.2341,-20.6654,48.8281
2024-06-04 19:46:52.521,500,61.3818,-17.5713,29.2969
2024-06-04 19:46:52.521,500,62.7209,-20.8694,1766.36
2024-06-04 19:46:52.521,500,65.3796,-24.5497,260.01
2024-06-04 19:46:52.526,500,81.2451,-10.7734,4499.51
2024-06-04 19:46:52.526,500,85.3345,-10.7957,1832.28
2024-06-04 19:46:52.531,500,91.897,1.71031,128.174
2024-06-04 19:46:52.532,500,92.7124,1.17936,155.029
2024-06-04 19:46:52.532,500,94.3103,0.0160249,39.0625
2024-06-04 19:46:52.532,500,98.3154,17.9069,70.8008
2024-06-04 19:46:52.532,500,100.646,20.3963,70.8008
2024-06-04 19:46:52.537,500,111.541,-16.9485,31.7383
2024-06-04 19:46:52.537,500,111.974,-21.3356,34.1797
2024-06-04 19:46:52.537,500,112.788,-18.1306,325.928
2024-06-04 19:46:52.537,500,113.419,-25.3588,40.2832
2024-06-04 19:46:52.537,500,113.693,-20.1216,187.988
2024-06-04 19:46:52.537,500,113.959,-17.7571,269.775
2024-06-04 19:46:52.537,500,114.423,-28.7872,34.1797
2024-06-04 19:46:52.541,500,135.999,-14.5257,6752.93
2024-06-04 19:46:52.541,500,142.843,-11.501,4493.41
2024-06-04 19:46:52.697,500,157.385,-19.0681,1207.28
2024-06-04 19:46:52.697,500,159.78,-15.6089,3514.4
2024-06-04 19:46:52.721,500,195.292,-21.2148,1539.31
2024-06-04 19:46:52.721,500,203.068,-16.3159,6151.12
2024-06-04 19:46:52.721,500,207.46,-9.38588,244.141
2024-06-04 19:46:52.721,500,207.894,-13.2755,279.541
2024-06-04 19:46:52.721,500,208.546,-17.9421,234.375
2024-06-04 19:46:52.721,500,208.999,-14.8624,45.166
2024-06-04 19:46:52.7,500,321.591,0.754874,196.533
2024-06-04 19:46:52.925,500,322.332,-8.93522,328.369
2024-06-04 19:46:52.925,500,323.73,-11.4971,347.9
2024-06-04 19:46:52.925,500,324.232,9.41234,141.602
2024-06-04 19:46:52.925,500,325.394,-12.9827,135.498
2024-06-04 19:46:52.925,500,326.029,-4.73159,205.078
2024-06-04 19:46:52.931,500,335.023,-14.9823,37.8418
2024-06-04 19:46:52.931,500,335.312,-18.5512,40.2832
2024-06-04 19:46:52.931,500,335.668,-3.63635,64.6973
2024-06-04 19:46:52.931,500,335.851,-14.7842,151.367
2024-06-04 19:46:52.936,500,355.16,-18.9507,1440.43
2024-06-04 19:46:52.936,500,365.868,-13.0089,39.0625
2024-06-04 19:46:52.936,500,366.169,-7.63816,58.5938
2024-06-04 19:46:52.936,500,366.669,-14.4831,718.994
2024-06-04 19:46:52.936,500,367.197,-11.9434,76.9043
2024-06-04 19:46:52.936,500,367.571,-16.5241,39.0625
2024-06-04 19:46:52.936,500,367.725,-8.76861,68.3594
2024-06-04 19:46:52.936,500,369.026,-17.6782,36.6211
2024-06-04 19:46:52.940,500,380.012,-21.3491,37.8418
2024-06-04 19:46:53.102,500,420.013,-20.879,35.4004
2024-06-04 19:46:53.102,500,426.619,-23.7664,1405.03
2024-06-04 19:46:53.125,500,461.765,-18.9209,1523.44
2024-06-04 19:46:53.125,500,469.424,-16.4257,21.9727
2024-06-04 19:46:53.131,500,474.298,-24.1181,17.0898
2024-06-04 19:46:53.131,500,476.116,-23.9566,45.166
2024-06-04 19:46:53.131,500,483.533,-21.2021,7075.2
2024-06-04 19:46:53.131,500,488.169,-18.6903,1218.26
2024-06-04 19:46:53.131,500,488.839,-26.4253,39.0625
2024-06-04 19:46:53.131,500,488.914,-22.7225,78.125
2024-06-04 19:46:53.135,500,493.807,-21.078,39.0625
2024-06-04 19:46:53.135,500,494.408,-24.4009,37.8418
2024-06-04 19:46:53.135,500,495.007,-18.5011,37.8418
2024-06-04 19:46:53.135,500,495.608,-19.6167,36.6211
2024-06-04 19:46:53.135,500,496.206,-19.6786,36.6211
2024-06-04 19:46:53.135,500,500.013,-10.6477,37.8418
2024-06-04 19:46:53.135,500,506.586,-14.7124,1589.36
2024-06-04 19:46:53.291,500,512.461,-29.622,141.602
2024-06-04 19:46:53.291,500,520.009,-17.417,40.2832
2024-06-04 19:46:53.291,500,528.488,-23.19,997.314
2024-06-04 19:46:53.315,500,550.543,-24.1458,758.057
2024-06-04 19:46:53.324,500,591.105,-3.11905,852.051
2024-06-04 19:46:53.324,500,592.83,2.5117,377.197
2024-06-04 19:46:53.324,500,593.16,-4.71778,212.402
2024-06-04 19:46:53.324,500,600.011,-13.0949,39.0625
2024-06-04 19:46:53.330,500,611.709,-25.0742,40.2832
2024-06-04 19:46:53.485,500,631.873,-18.2895,745.85
2024-06-04 19:46:53.642,500,38.6328,-3.86591,158.691
2024-06-04 19:46:53.687,500,80.0122,-9.01606,37.8418
2024-06-04 19:46:53.687,500,84.032,-6.10747,1003.42
2024-06-04 19:46:53.692,500,91.9019,3.03115,76.9043
2024-06-04 19:46:53.692,500,92.6782,4.69642,86.6699
2024-06-04 19:46:53.692,500,94.2969,11.81,142.822
2024-06-04 19:46:53.692,500,98.3167,-2.80118,39.0625
2024-06-04 19:46:53.692,500,100.581,16.4053,101.318
2024-06-04 19:46:53.702,500,140.011,-25.3114,37.8418
2024-06-04 19:46:53.702,500,142.845,-19.7799,4484.86
2024-06-04 19:46:53.859,500,153.79,-13.9517,600.586
2024-06-04 19:46:53.859,500,154.174,-18.1914,100.098
2024-06-04 19:46:53.859,500,154.968,-15.7119,1068.12
2024-06-04 19:46:53.889,500,201.003,-14.54,2026.37
2024-06-04 19:46:53.889,500,207.399,-10.807,838.623
2024-06-04 19:46:53.894,500,214.39,-29.1892,155.029
2024-06-04 19:46:53.894,500,217.29,-14.7669,4853.52
2024-06-04 19:46:53.894,500,220.944,-8.60676,2095.95
2024-06-04 19:46:53.894,500,225.582,-18.2531,3190.92
2024-06-04 19:46:53.905,500,251.105,-20.6544,390.625
2024-06-04 19:46:53.905,500,252.614,-5.51649,524.902
2024-06-04 19:46:54.061,500,284.949,-32.9728,122.07
2024-06-04 19:46:54.065,500,293.887,-21.5277,73.2422
2024-06-04 19:46:54.066,500,294.084,-24.181,251.465
2024-06-04 19:46:54.066,500,300.99,-6.24678,1993.41
2024-06-04 19:46:54.083,500,311.807,-16.1502,3299.56
2024-06-04 19:46:54.083,500,320.205,-4.33208,163.574
2024-06-04 19:46:54.083,500,320.625,7.20115,216.064
2024-06-04 19:46:54.083,500,321.622,5.21841,180.664
2024-06-04 19:46:54.083,500,322.405,-10.7461,168.457
2024-06-04 19:46:54.083,500,322.788,-1.1233,93.9941
2024-06-04 19:46:54.083,500,323.219,-8.54102,163.574
2024-06-04 19:46:54.083,500,324.221,8.31727,134.277
2024-06-04 19:46:54.083,500,324.9,-6.64096,407.715
2024-06-04 19:46:54.083,500,325.796,-0.724787,153.809
2024-06-04 19:46:54.083,500,329.435,11.0713,145.264
2024-06-04 19:46:54.090,500,331.884,-22.6039,141.602
2024-06-04 19:46:54.090,500,333.929,-27.6439,3710.94
2024-06-04 19:46:54.098,500,371.554,-25.0774,39.0625
2024-06-04 19:46:54.098,500,374.409,-22.8454,43.9453
2024-06-04 19:46:54.098,500,375.201,-23.133,871.582
2024-06-04 19:46:54.098,500,381.924,-19.1449,3861.08
2024-06-04 19:46:54.260,500,423.571,-20.7322,7109.38
2024-06-04 19:46:54.261,500,429.132,-24.0414,80.5664
2024-06-04 19:46:54.261,500,429.41,-27.5747,34.1797
2024-06-04 19:46:54.279,500,431.492,-24.5276,36.6211
2024-06-04 19:46:54.279,500,443.51,-21.7396,7034.91
2024-06-04 19:46:54.279,500,447.371,-23.6762,302.734
2024-06-04 19:46:54.296,500,452.798,-20.732,2843.02
2024-06-04 19:46:54.296,500,464.648,-11.1302,931.396
2024-06-04 19:46:54.302,500,473.721,-26.9398,611.572
2024-06-04 19:46:54.302,500,475.171,-17.6903,1606.45
2024-06-04 19:46:54.302,500,480.015,-17.3949,39.0625
2024-06-04 19:46:54.302,500,489.01,-25.3387,34.1797
2024-06-04 19:46:54.307,500,493.81,-30.1926,40.2832
2024-06-04 19:46:54.307,500,494.407,-25.6421,39.0625
2024-06-04 19:46:54.307,500,496.209,-24.8047,37.8418
2024-06-04 19:46:54.307,500,501.066,-5.03662,2136.23
2024-06-04 19:46:54.307,500,507.184,-31.4014,37.8418
2024-06-04 19:46:54.307,500,507.275,-32.1545,104.98
2024-06-04 19:46:54.307,500,508.143,-19.24,1112.06
2024-06-04 19:46:54.462,500,511.611,-32.5606,273.438
2024-06-04 19:46:54.462,500,511.887,-32.6689,34.1797
2024-06-04 19:46:54.462,500,517.129,-20.9738,9965.82
2024-06-04 19:46:54.462,500,522.28,-32.4927,30.5176
2024-06-04 19:46:54.462,500,523.062,-21.2278,1326.9
2024-06-04 19:46:54.466,500,540.012,-19.8109,37.8418
2024-06-04 19:46:54.466,500,543.094,-22.2048,1403.81
2024-06-04 19:46:54.491,500,570.154,-16.19,192.871
2024-06-04 19:46:54.491,500,583.478,-5.19152,206.299
2024-06-04 19:46:54.495,500,590.448,-13.2611,645.752
2024-06-04 19:46:54.495,500,591.273,-8.92259,389.404
2024-06-04 19:46:54.495,500,591.816,-7.95556,644.531
2024-06-04 19:46:54.495,500,592.35,-10.7529,36.6211
2024-06-04 19:46:54.495,500,592.756,-10.9671,37.8418
2024-06-04 19:46:54.495,500,593.655,-3.7588,31.7383
2024-06-04 19:46:54.495,500,600.011,-16.2812,39.0625
2024-06-04 19:46:54.501,500,615.679,-20.2173,8702.39
2024-06-04 19:46:54.657,500,637.465,-14.1899,10249
2024-06-04 19:46:54.657,500,643.748,-22.9031,40.2832
2024-06-04 19:46:54.813,500,38.3093,-18.7723,258.789
2024-06-04 19:46:54.813,500,38.6023,-5.5818,81.7871
2024-06-04 19:46:54.813,500,39.231,-13.679,141.602
2024-06-04 19:46:54.831,500,63.0249,5.25896,194.092
2024-06-04 19:46:54.831,500,64.2517,-22.4048,212.402
2024-06-04 19:46:54.841,500,82.1497,-13.5109,6625.98
2024-06-04 19:46:54.847,500,91.9507,-1.57427,37.8418
2024-06-04 19:46:54.847,500,92.6672,-3.13901,40.2832
2024-06-04 19:46:54.847,500,94.3323,14.2776,64.6973
2024-06-04 19:46:54.847,500,98.3289,1.68392,41.5039
2024-06-04 19:46:54.847,500,100.573,24.6576,50.0488
2024-06-04 19:46:54.851,500,111.339,-12.8053,1134.03
2024-06-04 19:46:54.851,500,120.011,-16.2798,37.8418
2024-06-04 19:46:54.851,500,124.736,-19.6626,1770.02
2024-06-04 19:46:54.857,500,142.845,-15.9244,4486.08
2024-06-04 19:46:55.013,500,153.542,-14.5032,65.918
2024-06-04 19:46:55.013,500,155.752,-19.4525,469.971
2024-06-04 19:46:55.013,500,156.066,-17.2456,18.3105
2024-06-04 19:46:55.013,500,156.179,-17.8904,61.0352
2024-06-04 19:46:55.013,500,161.012,-5.12456,2034.91
2024-06-04 19:46:55.013,500,162.246,-13.9733,15.8691
2024-06-04 19:46:55.018,500,180.011,-26.7057,36.6211
2024-06-04 19:46:55.037,500,200.01,-13.0946,37.8418
2024-06-04 19:46:55.062,500,240.011,-28.2499,39.0625
2024-06-04 19:46:55.066,500,250.471,-17.3153,126.953
2024-06-04 19:46:55.221,500,275.278,-17.1562,1696.78
2024-06-04 19:46:55.221,500,283.049,-18.324,964.356
2024-06-04 19:46:55.,500,-9.60033,56.1523
2024-06-04 19:46:55.254,500,365.857,-21.6938,37.8418
2024-06-04 19:46:55.254,500,366.866,-13.2775,37.8418
2024-06-04 19:46:55.254,500,367.477,-20.4076,285.645
2024-06-04 19:46:55.254,500,367.732,-13.7065,142.822
2024-06-04 19:46:55.254,500,368.325,-11.92,25.6348
2024-06-04 19:46:55.254,500,368.59,-11.8862,159.912
2024-06-04 19:46:55.254,500,368.748,-14.2622,36.6211
2024-06-04 19:46:55.254,500,369.066,-11.7772,25.6348
2024-06-04 19:46:55.254,500,369.122,-9.00255,20.752
2024-06-04 19:46:55.254,500,369.384,-17.5399,280.762
2024-06-04 19:46:55.254,500,369.576,-11.034,20.752
2024-06-04 19:46:55.414,500,393.422,-25.1524,373.535
2024-06-04 19:46:55.414,500,395.084,-26.4674,31.7383
2024-06-04 19:46:55.463,500,472.231,-28.3511,86.6699
2024-06-04 19:46:55.463,500,480.011,-26.0122,37.8418
2024-06-04 19:46:55.467,500,493.208,-32.8166,36.6211
2024-06-04 19:46:55.467,500,493.356,-25.6001,35.4004
2024-06-04 19:46:55.467,500,494.408,-28.1735,1239.01
2024-06-04 19:46:55.467,500,500.011,-30.5039,39.0625
2024-06-04 19:46:55.628,500,533.998,-24.1678,31.7383
2024-06-04 19:46:55.628,500,540.016,-16.3657,37.8418
2024-06-04 19:46:55.646,500,554.176,-19.6131,39.0625
2024-06-04 19:46:55.646,500,560.011,-15.9678,37.8418
2024-06-04 19:46:55.646,500,565.776,-29.2727,42.7246
2024-06-04 19:46:55.646,500,567.585,-19.8925,1030.27
2024-06-04 19:46:55.651,500,570.333,-4.88927,184.326
2024-06-04 19:46:55.651,500,575.011,17.5641,198.975
2024-06-04 19:46:55.651,500,581.614,-10.0938,3242.19
2024-06-04 19:46:55.656,500,590.8,-2.44363,673.828
2024-06-04 19:46:55.656,500,591.837,-6.27665,39.0625
2024-06-04 19:46:55.656,500,592.694,-6.54164,496.826
2024-06-04 19:46:55.656,500,600.012,-21.0613,36.6211
2024-06-04 19:46:55.656,500,602.726,-18.3937,35.4004
2024-06-04 19:46:55.661,500,620.011,-17.0904,37.8418
2024-06-04 19:46:55.973,500,36.5369,-5.31927,729.981
2024-06-04 19:46:55.973,500,38.075,-1.36699,268.555
2024-06-04 19:46:55.973,500,39.8755,-11.0658,45.166
2024-06-04 19:46:56.003,500,76.9824,-15.4597,3851.32
2024-06-04 19:46:56.003,500,84.7632,-11.431,2462.16
2024-06-04 19:46:56.008,500,91.9092,6.48957,156.25
2024-06-04 19:46:56.008,500,92.7173,3.84694,93.9941
2024-06-04 19:46:56.008,500,94.3079,7.28206,162.354
2024-06-04 19:46:56.008,500,98.3203,5.88754,103.76
2024-06-04 19:46:56.008,500,100.612,20.3332,147.705
2024-06-04 19:46:56.013,500,111.364,-19.0522,42.7246
2024-06-04 19:46:56.013,500,111.619,-15.5025,240.479
2024-06-04 19:46:56.013,500,112.02,-20.2151,45.166
2024-06-04 19:46:56.013,500,112.114,-15.8701,72.0215
2024-06-04 19:46:56.013,500,112.203,-17.7147,37.8418
2024-06-04 19:46:56.013,500,112.311,-23.8257,39.0625
2024-06-04 19:46:56.013,500,112.643,-15.2687,141.602
2024-06-04 19:46:56.013,500,113.361,-15.2206,48.8281
2024-06-04 19:46:56.013,500,113.6,-14.0789,25.6348
2024-06-04 19:46:56.013,500,113.944,-18.6966,163.574
2024-06-04 19:46:56.013,500,114.309,-21.2572,35.4004
2024-06-04 19:46:56.013,500,120.01,-12.8219,39.0625
2024-06-04 19:46:56.017,500,140.012,-28.1756,37.8418
2024-06-04 19:46:56.017,500,145.034,-16.2936,108.643
2024-06-04 19:46:56.173,500,154.894,-16.1862,2811.28
2024-06-04 19:46:56.173,500,162.417,-21.2033,175.781
2024-06-04 19:46:56.179,500,174.277,-21.7103,550.537
2024-06-04 19:46:56.179,500,180.011,-22.3842,37.8418
2024-06-04 19:46:56.203,500,215.134,-22.8605,37.8418
2024-06-04 19:46:56.229,500,254.076,-11.2096,1199.95
2024-06-04 19:46:56.384,500,282.856,-13.8308,5736.08
2024-06-04 19:46:56.389,500,295.255,-20.8628,2330.32
2024-06-04 19:46:56.389,500,300.01,-20.4029,36.6211
2024-06-04 19:46:56.406,500,320.992,3.4255,194.092
2024-06-04 19:46:56.406,500,321.488,0.539063,429.688
2024-06-04 19:46:56.406,500,322.335,-8.15889,344.238
2024-06-04 19:46:56.406,500,322.814,-1.37785,180.664
2024-06-04 19:46:56.406,500,323.224,-1.19395,192.871
2024-06-04 19:46:56.406,500,324.192,11.5552,236.816
2024-06-04 19:46:56.406,500,326.094,-10.3877,321.045
2024-06-04 19:46:56.406,500,329.371,5.62496,238.037
2024-06-04 19:46:56.433,500,358.198,-11.2931,11218.3
2024-06-04 19:46:56.433,500,364.767,-18.8049,1518.55
2024-06-04 19:46:56.433,500,366.282,-6.93072,40.2832
2024-06-04 19:46:56.433,500,366.747,-4.55116,80.5664
2024-06-04 19:46:56.433,500,366.912,-7.65404,114.746
2024-06-04 19:46:56.433,500,367.284,-21.3096,336.914
2024-06-04 19:46:56.593,500,399.998,-13.361,11007.1
2024-06-04 19:46:56.598,500,412.139,-24.1422,606.689
2024-06-04 19:46:56.617,500,435.176,-18.2063,2131.35
2024-06-04 19:46:56.617,500,440.011,-13.5167,37.8418
2024-06-04 19:46:56.617,500,446.562,-16.8878,931.396
2024-06-04 19:46:56.634,500,460.011,-25.9437,37.8418
2024-06-04 19:46:56.634,500,461.763,-12.9201,1523.44
2024-06-04 19:46:56.640,500,473.431,-24.0942,42.7246
2024-06-04 19:46:56.640,500,480.013,-19.1526,37.8418
2024-06-04 19:46:56.640,500,487.203,-32.4677,37.8418
2024-06-04 19:46:56.640,500,487.334,-35.3039,39.0625
2024-06-04 19:46:56.640,500,487.809,-28.5149,37.8418
2024-06-04 19:46:56.645,500,491.409,-27.9705,37.8418
2024-06-04 19:46:56.645,500,492.606,-27.5302,39.0625
2024-06-04 19:46:56.645,500,493.208,-27.745,37.8418
2024-06-04 19:46:56.645,500,493.809,-29.2055,37.8418
2024-06-04 19:46:56.645,500,494.324,-30.066,225.83
2024-06-04 19:46:56.645,500,499.808,-25.6139,36.6211
2024-06-04 19:46:56.645,500,500.011,-24.3519,39.0625
2024-06-04 19:46:56.645,500,504.006,-28.6849,36.6211
2024-06-04 19:46:56.645,500,506.407,-26.9311,39.0625
2024-06-04 19:46:56.800,500,515.999,-25.3454,24.4141
2024-06-04 19:46:56.805,500,540.013,-18.7989,39.0625
2024-06-04 19:46:56.805,500,548.036,-17.6191,1534.42
2024-06-04 19:46:56.830,500,551.863,-22.7862,510.254
2024-06-04 19:46:56.830,500,560.01,-15.4345,36.6211
2024-06-04 19:46:56.836,500,570.162,-3.97876,185.547
2024-06-04 19:46:56.836,500,580.012,-16.4762,36.6211
2024-06-04 19:46:56.836,500,583.446,-8.37048,141.602
2024-06-04 19:46:56.841,500,600.011,-17.4686,37.8418
2024-06-04 19:46:57.157,500,38.2507,3.72551,189.209
2024-06-04 19:46:57.178,500,52.9688,-7.45788,41.5039
2024-06-04 19:46:57.178,500,53.1006,-3.64948,43.9453
2024-06-04 19:46:57.178,500,63.0237,2.48879,192.871
2024-06-04 19:46:57.184,500,80.8276,-3.86447,1666.26
2024-06-04 19:46:57.184,500,81.9067,-11.9037,84.2285
2024-06-04 19:46:57.184,500,85.6787,-10.4851,1702.88
2024-06-04 19:46:57.184,500,87.4268,-7.03824,771.484
2024-06-04 19:46:57.189,500,91.8994,0.144746,47.6074
2024-06-04 19:46:57.189,500,92.7246,-9.24418,124.512
2024-06-04 19:46:57.189,500,94.303,17.7446,65.918
2024-06-04 19:46:57.189,500,98.3191,8.62809,140.381
2024-06-04 19:46:57.189,500,100.608,19.4843,95.2148
2024-06-04 19:46:57.193,500,111.047,-12.299,30.5176
2024-06-04 19:46:57.193,500,112.49,-16.281,386.963
2024-06-04 19:46:57.193,500,113.202,-12.5232,364.99
2024-06-04 19:46:57.193,500,113.44,-16.5379,39.0625
2024-06-04 19:46:57.193,500,113.738,-13.732,294.189
2024-06-04 19:46:57.193,500,114.041,-15.3493,240.479
2024-06-04 19:46:57.193,500,116.406,-28.2056,113.525
2024-06-04 19:46:57.355,500,150.145,-25.9266,175.781
2024-06-04 19:46:57.355,500,155.492,-15.2231,301.514
2024-06-04 19:46:57.355,500,155.978,-17.6459,104.98
2024-06-04 19:46:57.355,500,160.01,-13.078,37.8418
2024-06-04 19:46:57.359,500,180.009,-16.5957,37.8418
2024-06-04 19:46:57.359,500,187.146,-22.6363,114.746
2024-06-04 19:46:57.377,500,191.61,-29.1952,180.664
2024-06-04 19:46:57.377,500,200.011,-25.8974,40.2832
2024-06-04 19:46:57.377,500,206.217,-12.1726,751.953
2024-06-04 19:46:57.377,500,207.783,-14.8122,605.469
2024-06-04 19:46:57.388,500,234.368,-26.8008,40.2832
2024-06-04 19:46:57.388,500,240.009,-14.4081,37.8418
2024-06-04 19:46:57.565,500,271.523,-26.3199,120.85
2024-06-04 19:46:57.565,500,287.277,-26.0365,48.8281
2024-06-04 19:46:57.569,500,294.633,-25.3802,53.7109
2024-06-04 19:46:57.586,500,320.011,-16.8029,37.8418
2024-06-04 19:46:57.586,500,321.029,2.25484,125.732
2024-06-04 19:46:57.586,500,321.611,-0.931381,158.691
2024-06-04 19:46:57.586,500,322.433,-6.05604,140.381
2024-06-04 19:46:57.586,500,322.804,-9.17364,173.34
2024-06-04 19:46:57.586,500,323.396,-15.1709,87.8906
2024-06-04 19:46:57.586,500,3,0,372.802,-24.5454,183.105
2024-06-04 19:46:57.773,500,392.104,-22.8515,1175.54
2024-06-04 19:46:57.773,500,392.811,-24.3887,35.4004
2024-06-04 19:46:57.773,500,392.98,-23.9614,35.4004
2024-06-04 19:46:57.773,500,400.009,-15.2624,37.8418
2024-06-04 19:46:57.777,500,415.946,-33.5275,267.334
2024-06-04 19:46:57.777,500,420.011,-20.5768,37.8418
2024-06-04 19:46:57.821,500,463.151,-13.7441,1069.34
2024-06-04 19:46:57.825,500,480.011,-23.3366,37.8418
2024-06-04 19:46:57.830,500,491.407,-29.4966,37.8418
2024-06-04 19:46:57.830,500,492.606,-26.8331,39.0625
2024-06-04 19:46:57.830,500,492.739,-23.8154,40.2832
2024-06-04 19:46:57.830,500,493.208,-28.7773,37.8418
2024-06-04 19:46:57.830,500,493.806,-22.5174,36.6211
2024-06-04 19:46:57.830,500,494.408,-24.7264,37.8418
2024-06-04 19:46:57.830,500,496.207,-24.0271,36.6211
2024-06-04 19:46:57.830,500,501.11,-8.00214,2236.33
2024-06-04 19:46:57.830,500,506.407,-20.5855,1235.35
2024-06-04 19:46:57.987,500,512.71,-18.3585,2062.99
2024-06-04 19:46:57.987,500,517.87,-13.4375,8206.79
2024-06-04 19:46:57.992,500,538.027,-11.4569,3907.47
2024-06-04 19:46:58.009,500,551.042,-24.0766,37.8418
2024-06-04 19:46:58.010,500,556.388,-19.4299,223.389
2024-06-04 19:46:58.010,500,560.011,-17.7578,37.8418
2024-06-04 19:46:58.020,500,591.379,-8.04288,504.15
2024-06-04 19:46:58.020,500,593.173,-10.6551,62.2559
2024-06-04 19:46:58.020,500,594.93,-24.481,2130.13
2024-06-04 19:46:58.020,500,600.012,-18.5689,37.8418
2024-06-04 19:46:58.025,500,614.501,-26.6843,686.035
2024-06-04 19:46:58.180,500,633.771,-19.5459,252.686
2024-06-04 19:46:58.180,500,640.01,-10.8266,39.0625
2024-06-04 19:46:58.180,500,642.244,-20.4807,35.4004
2024-06-04 19:46:58.336,500,40.1721,-22.7589,255.127
2024-06-04 19:46:58.336,500,44.2236,-4.96523,156.25
2024-06-04 19:46:58.336,500,49.4128,-2.39813,147.705
2024-06-04 19:46:58.355,500,62.1997,-19.1567,372.314
2024-06-04 19:46:58.355,500,62.7576,-17.7809,162.354
2024-06-04 19:46:58.355,500,64.8401,-18.3625,37.8418
2024-06-04 19:46:58.360,500,79.5215,-7.98009,1021.73
2024-06-04 19:46:58.360,500,85.791,-1.44807,2946.78
2024-06-04 19:46:58.360,500,87.7136,-1.24467,612.793
2024-06-04 19:46:58.360,500,88.3057,-10.539,164.795
2024-06-04 19:46:58.366,500,91.9092,3.07506,115.967
2024-06-04 19:46:58.366,500,92.6978,5.41866,126.953
2024-06-04 19:46:58.366,500,94.3555,0.571452,40.2832
2024-06-04 19:46:58.366,500,98.3142,10.4319,73.2422
2024-06-04 19:46:58.366,500,100.576,17.0085,101.318
2024-06-04 19:46:58.370,500,112.996,-18.1619,766.602
2024-06-04 19:46:58.370,500,114.906,-25.789,41.5039
2024-06-04 19:46:58.370,500,120.01,-16.2126,37.8418
2024-06-04 19:46:58.375,500,142.603,-18.1032,32.959
2024-06-04 19:46:58.532,500,156,-12.4397,241.699
2024-06-04 19:46:58.532,500,160.011,-18.1851,37.8418
2024-06-04 19:46:58.537,500,180.011,-22.1672,37.8418
2024-06-04 19:46:58.554,500,200.01,-14.9126,39.0625
2024-06-04 19:46:58.554,500,207.085,-12.2288,302.734
2024-06-04 19:46:58.554,500,208.837,-17.2301,114.746
2024-06-04 19:46:58.564,500,240.01,-28.5946,39.0625
2024-06-04 19:46:58.569,500,250.538,-10.9497,258.789
2024-06-04 19:46:58.569,500,251.893,-8.62357,428.467
2024-06-04 19:46:58.744,500,298.54,-8.56647,7198.49
2024-06-04 19:46:58.756,500,320.011,-19.5718,37.8418
2024-06-04 19:46:58.756,500,320.648,7.3832,50.0488
2024-06-04 19:46:58.756,500,321.322,-8.57604,782.471
2024-06-04 19:46:58.756,500,322.4,-5.79633,170.898
2024-06-04 19:46:58.756,500,322.828,-7.23191,136.719
2024-06-04 19:46:58.756,500,323.824,-2.00238,130.615
2024-06-04 19:46:58.756,500,324.196,7.48001,187.988
2024-06-04 19:46:58.756,500,325.273,-15.7843,37.8418
2024-06-04 19:46:58.756,500,325.844,3.1894,93.9941
2024-06-04 19:46:58.756,500,326.079,-8.1713,61.0352
2024-06-04 19:46:58.756,500,329.392,5.09806,56.1523
2024-06-04 19:46:58.756,500,329.806,0.795993,40.2832
2024-06-04 19:46:58.761,500,337.191,-17.5463,9698.49
2024-06-04 19:46:58.761,500,344.473,-15.298,1817.63
2024-06-04 19:46:58.761,500,346.774,-17.9257,104.98
2024-06-04 19:46:58.762,500,346.907,-19.0896,39.0625
2024-06-04 19:46:58.953,500,414.033,-27.2919,31.7383
2024-06-04 19:46:58.976,500,464.957,-23.4616,5615.23
2024-06-04 19:46:58.976,500,468.69,-13.4042,330.811
2024-06-04 19:46:58.994,500,480.011,-19.4257,37.8418
2024-06-04 19:46:59.000,500,493.511,-24.0431,635.986
2024-06-04 19:46:59.000,500,494.408,-39.7694,37.8418
2024-06-04 19:46:59.000,500,494.561,-24.0821,37.8418
2024-06-04 19:46:59.000,500,496.209,-26.2419,37.8418
2024-06-04 19:46:59.000,500,500.015,-13.612,39.0625
2024-06-04 19:46:59.000,500,506.523,-17.5087,1340.33
2024-06-04 19:46:59.000,500,507.251,-26.8252,39.0625
2024-06-04 19:46:59.000,500,507.371,-35.1339,36.6211
2024-06-04 19:46:59.000,500,508.19,-22.4917,1278.08
2024-06-04 19:46:59.155,500,512.817,-19.6301,1956.79
2024-06-04 19:46:59.181,500,560.01,-11.3336,36.6211
2024-06-04 19:46:59.205,500,570.156,-6.504,195.312
2024-06-04 19:46:59.205,500,578.466,-3.27032,39.0625
2024-06-04 19:46:59.205,500,578.527,0.963416,24.4141
2024-06-04 19:46:59.205,500,578.583,-7.02424,39.0625
2024-06-04 19:46:59.205,500,581.411,9.90583,92.7734
2024-06-04 19:46:59.205,500,581.497,29.8528,28.0762
2024-06-04 19:46:59.205,500,583.448,-4.09908,139.16
2024-06-04 19:46:59.372,500,630.746,-19.6651,936.279
2024-06-04 19:46:59.372,500,633.694,-17.0439,32.959
2024-06-04 19:46:59.372,500,633.936,-15.5857,40.2832
2024-06-04 19:46:59.372,500,638.717,-15.5299,6610.11
2024-06-04 19:46:59.528,500,38.4814,-10.5358,312.5
2024-06-04 19:46:59.547,500,60.0574,-14.9661,37.8418
2024-06-04 19:46:59.547,500,60.4138,-14.7252,317.383
2024-06-04 19:46:59.547,500,60.6201,-20.8483,31.7383
2024-06-04 19:46:59.547,500,60.6946,-17.4124,46.3867
2024-06-04 19:46:59.547,500,61.0266,-20.1388,134.277
2024-06-04 19:46:59.547,500,61.853,-16.3488,124.512
2024-06-04 19:46:59.547,500,62.0166,-13.8957,137.939
2024-06-04 19:46:59.547,500,62.2266,-11.3307,32.959
2024-06-04 19:46:59.547,500,63.999,-15.3454,41.5039
2024-06-04 19:46:59.547,500,64.2505,-14.544,42.7246
2024-06-04 19:46:59.551,500,75.2429,-23.9602,1680.91
2024-06-04 19:46:59.551,500,87.3743,-8.43379,1276.86
2024-06-04 19:46:59.557,500,91.908,5.75994,111.084
2024-06-04 19:46:59.557,500,92.7222,4.26232,84.2285
2024-06-04 19:46:59.557,500,94.3359,10.6188,70.8008
2024-06-04 19:46:59.557,500,98.2678,1.22178,81.7871
2024-06-04 19:46:59.557,500,100.62,18.452,81.7871
2024-06-04 19:46:59.561,500,112.858,-19.472,762.939
2024-06-04 19:46:59.561,500,113.723,-18.8336,897.217
2024-06-04 19:46:59.561,500,114.327,-22.3448,118.408
2024-06-04 19:46:59.568,500,143.226,-18.0812,5255.13
2024-06-04 19:46:59.568,500,146.367,-18.3535,153.809
2024-06-04 19:46:59.722,500,156.05,-15.4478,340.576
2024-06-04 19:46:59.722,500,157.252,-17.45,1483.15
2024-06-04 19:46:59.722,500,161.866,-21.1414,155.029
2024-06-04 19:46:59.722,500,162.203,-19.1938,290.527
2024-06-04 19:46:59.722,500,162.462,-18.1947,85.4492
2024-06-04 19:46:59.728,500,180.011,-20.4085,37.8418
2024-06-04 19:46:59.728,500,185.693,-15.7736,269.775
2024-06-04 19:46:59.756,500,226.299,-17.8536,1022.95
2024-06-04 19:46:59.760,500,232.001,-24.3686,340.576
2024-06-04 19:46:59.761,500,240.011,-24.6805,37.8418
2024-06-04 19:46:59.761,500,246.365,-32.8703,537.109
2024-06-04 19:46:59.766,500,251.799,-7.45826,2769.78
2024-06-04 19:46:59.766,500,257.18,-4.3798,4498.29
2024-06-04 19:46:59.928,500,295.153,-20.668,1008.3
2024-06-04 19:46:59.928,500,303.662,-15.9877,7341.31
2024-06-04 19:46:59.928,500,308.25,-17.7823,1424.56
2024-06-04 19:46:59.946,500,320.222,6.6241,194.092
2024-06-04 19:46:59.946,500,320.997,2.72839,209.961
2024-06-04 19:46:59.946,500,321.62,1.55692,181.885
2024-06-04 19:46:59.946,500,322.394,3.80762,208.74
2024-06-04 19:46:59.946,500,323.009,-2.49013,39.0625
2024-06-04 19:46:59.946,500,324.194,13.3166,224.609
2024-06-04 19:46:59.946,500,325.546,-23.3155,36.6211
2024-06-04 19:46:59.946,500,325.813,3.56427,192.871
2024-06-04 19:46:59.946,500,326.223,-2.20589,194.092
2024-06-04 19:46:59.946,500,329.379,8.54447,219.727
2024-06-04 19:46:59.952,500,343.843,-26.6468,37.8418
2024-06-04 19:46:59.952,500,345.282,-17.2647,1088.87
2024-06-04 19:47:00.144,500,468.219,-17.3949,1534.42
2024-06-04 19:47:00.154,500,495.01,-27.7088,37.8418
2024-06-04 19:47:00.154,500,500.013,-11.8711,43.9453
2024-06-04 19:47:00.154,500,506.511,-17.6352,1447.75
2024-06-04 19:47:00.154,500,508.411,-26.0762,532.227
2024-06-04 19:47:00.154,500,509.354,-24.1761,36.6211
2024-06-04 19:47:00.154,500,509.407,-20.9989,32.959
2024-06-04 19:47:00.311,500,510.891,-20.5414,1536.87
2024-06-04 19:47:00.311,500,511.808,-31.839,35.4004
2024-06-04 19:47:00.316,500,540.011,-23.273,37.8418
2024-06-04 19:47:00.333,500,553.232,-24.091,5336.91
2024-06-04 19:47:00.333,500,560.011,-19.3597,37.8418
2024-06-04 19:47:00.343,500,591.013,-2.2822,83.0078
2024-06-04 19:47:00.343,500,593.768,-10.7131,799.561
2024-06-04 19:47:00.347,500,621.373,-20.856,535.889
2024-06-04 19:47:00.660,500,31.1975,-6.46277,34.1797
2024-06-04 19:47:00.661,500,38.5876,-8.34767,104.98
2024-06-04 19:47:00.680,500,56.5588,-13.74,184.326
2024-06-04 19:47:00.701,500,80.011,-11.4469,37.8418
2024-06-04 19:47:00.706,500,91.9189,5.54603,62.2559
2024-06-04 19:47:00.706,500,92.6965,7.1617,118.408
2024-06-04 19:47:00.706,500,94.3152,6.17499,97.6562
2024-06-04 19:47:00.706,500,98.3337,12.4271,98.877
2024-06-04 19:47:00.706,500,100.618,10.18,152.588
2024-06-04 19:47:00.712,500,111.655,-16.81,433.35
2024-06-04 19:47:00.712,500,120.011,-27.4143,37.8418
2024-06-04 19:47:00.715,500,143.165,-18.421,1151.12
2024-06-04 19:47:00.715,500,144.935,-16.0875,1966.55
2024-06-04 19:47:00.715,500,146.742,-18.6493,1396.48
2024-06-04 19:47:00.715,500,148.213,-11.3533,64.6973
2024-06-04 19:47:00.873,500,152.793,-21.894,1729.74
2024-06-04 19:47:00.873,500,153.894,-24.1631,35.4004
2024-06-04 19:47:00.873,500,154.911,-17.1384,347.9
2024-06-04 19:47:00.873,500,155.802,-14.8659,119.629
2024-06-04 19:47:00.873,500,155.906,-18.8327,56.1523
2024-06-04 19:47:00.873,500,155.979,-20.9238,26.8555
2024-06-04 19:47:00.873,500,156.089,-23.9817,58.5938
2024-06-04 19:47:00.873,500,159.788,-14.021,4663.09
2024-06-04 19:47:00.873,500,162.228,-16.8283,57.373
2024-06-04 19:47:00.903,500,206.082,-11.5965,473.633
2024-06-04 19:47:00.903,500,206.549,-18.4007,382.08
2024-06-04 19:47:00.903,500,207.313,-15.7513,29.2969
2024-06-04 19:47:00.903,500,208.666,-16.0782,207.52
2024-06-04 19:47:00.903,500,209.531,-11.7141,179.443
2024-06-04 19:47:00.909,500,219.629,-27.9198,9067.38
2024-06-04 19:47:00.914,500,240.011,-14.1306,36.6211
2024-06-04 19:47:00.919,500,250.878,-16.1988,937.5
2024-06-04 19:47:01.097,500,320.01,-26.3029,36.6211
2024-06-04 19:47:01.097,500,320.204,-17.8162,172.119
2024-06-04 19:47:01.097,500,321.781,-11.7595,627.441
2024-06-04 19:47:01.097,500,324.297,8.7208,408.936
2024-06-04 19:47:01.097,500,326.324,-18.0619,363.77
2024-06-04 19:47:01.097,500,329.368,0.423601,242.92
2024-06-04 19:47:01.115,500,335.074,-20.5026,1823.73
2024-06-04 19:47:01.115,500,346.565,-16.0073,1521
2024-06-04 19:47:01.121,500,360.011,-28.5602,36.6211
2024-06-04 19:47:01.121,500,366.149,-14.203,291.748
2024-06-04 19:47:01.121,500,367.808,-19.0556,665.283
2024-06-04 19:47:01.281,500,393.193,-25.0876,39.0625
2024-06-04 19:47:01.281,500,406.455,-22.4948,599.365
2024-06-04 19:47:01.286,500,420.012,-22.3215,37.8418
2024-06-04 19:47:01.286,500,422.23,-23.5624,32.959
2024-06-04 19:47:01.286,500,427.467,-23.0389,37.8418
2024-06-04 19:47:01.303,500,440.011,-22.6736,39.0625
2024-06-04 19:47:01.308,500,461.338,-8.3067,2685.55
2024-06-04 19:47:01.308,500,466.034,-19.2131,152.588
2024-06-04 19:47:01.308,500,466.791,-17.164,516.357
2024-06-04 19:47:01.308,500,467.144,-11.029,39.0625
2024-06-04 19:47:01.308,500,467.377,-14.574,349.121
2024-06-04 19:47:01.308,500,467.598,-13.6221,20.752
2024-06-04 19:47:01.308,500,469.415,-13.2281,281.982
2024-06-04 19:47:01.314,500,473.706,-25.6879,118.408
2024-06-04 19:47:01.314,500,474.08,-29.8551,311.279
2024-06-04 19:47:01.314,500,480.012,-19.8758,37.8418
2024-06-04 19:47:01.318,500,500.012,-22.5393,41.5039
2024-06-04 19:47:01.318,500,502.208,-30.229,37.8418
2024-06-04 19:47:01.318,500,503.949,-32.1187,500.488
2024-06-04 19:47:01.474,500,520.011,-26.41,37.8418
2024-06-04 19:47:01.478,500,534.434,-22.2489,69.5801
2024-06-04 19:47:01.478,500,535.295,-21.0068,1446.53
2024-06-04 19:47:01.479,500,541.886,-12.2734,3791.5
2024-06-04 19:47:01.515,500,570.806,2.05847,40.2832
2024-06-04 19:47:01.515,500,570.908,25.9725,100.098
2024-06-04 19:47:01.515,500,583.293,6.77505,195.312
2024-06-04 19:47:01.515,500,586.218,-18.5785,603.027
2024-06-04 19:47:01.520,500,593.911,2.22723,548.096
2024-06-04 19:47:01.525,500,612.004,-21.9186,3828.12
2024-06-04 19:47:01.681,500,643.829,-15.79,42.7246
2024-06-04 19:47:01.856,500,60.0635,-17.634,37.8418
2024-06-04 19:47:01.856,500,66.3965,-21.8237,125.732
2024-06-04 19:47:01.867,500,80.0134,-9.56376,37.8418
2024-06-04 19:47:01.868,500,82.7161,-9.36684,251.465
2024-06-04 19:47:01.868,500,85.625,-6.19938,4637.45
2024-06-04 19:47:01.872,500,91.9092,-0.673887,37.8418
2024-06-04 19:47:01.873,500,92.7136,1.12798,117.188
2024-06-04 19:47:01.873,500,94.3494,6.61996,69.5801
2024-06-04 19:47:01.873,500,98.3008,17.7759,65.918
2024-06-04 19:47:01.873,500,100.568,16.3121,75.6836
2024-06-04 19:47:01.879,500,110.736,-15.5502,136.719
2024-06-04 19:47:01.879,500,113.175,-14.0193,1979.98
2024-06-04 19:47:01.879,500,120.01,-18.2343,37.8418
2024-06-04 19:47:02.054,500,155.749,-18.9704,4472.66
2024-06-04 19:47:02.059,500,171.992,-27.9335,35.4004
2024-06-04 19:47:02.059,500,173.795,-29.2161,1290.28
2024-06-04 19:47:02.059,500,180.01,-21.8847,39.0625
2024-06-04 19:47:02.059,500,187.223,-24.1642,511.475
2024-06-04 19:47:02.077,500,200.011,-22.569,39.0625
2024-06-04 19:47:02.077,500,205.946,-7.13643,218.506
2024-06-04 19:47:02.088,500,232.336,-23.9911,43.9453
2024-06-04 19:47:02.088,500,234.216,-22.2171,63.4766
2024-06-04 19:47:02.088,500,240.01,-17.362,37.8418
2024-06-04 19:47:02.106,500,250.698,-15.9753,30.5176
2024-06-04 19:47:02.106,500,251.309,-14.1037,430.908
2024-06-04 19:47:02.106,500,254.625,-1.6596,322.266
2024-06-04 19:47:02.106,500,256.254,-9.87551,1002.2
2024-06-04 19:47:02.262,500,274,-27.0136,104.98
2024-06-04 19:47:02.262,500,278.881,-10.7326,6456.3
2024-06-04 19:47:02.266,500,292.571,-27.9106,638.428
2024-06-04 19:47:02.266,500,300.01,-21.0413,39.0625
2024-06-04 19:47:02.286,500,321.112,3.05155,301.514
2024-06-04 19:47:02.286,500,321.606,6.80722,201.416
2024-06-04 19:47:02.286,500,322.798,1.98129,211.182
2024-06-04 19:47:02.286,500,324.213,3.76862,189.209
2024-06-04 19:47:02.286,500,325.612,-0.534093,194.092
2024-06-04 19:47:02.286,500,326.212,-3.83625,170.898
2024-06-04 19:47:02.312,500,360.011,-23.9357,37.8418
2024-06-04 19:47:02.318,500,380.011,-22.2659,37.8418
2024-06-04 19:47:02.478,500,413.823,-22.8655,662.842
2024-06-04 19:47:02.478,500,420.013,-18.7899,39.0625
2024-06-04 19:47:02.496,500,440.012,-18.4076,36.6211
2024-06-04 19:47:02.496,500,445.624,-17.745,3269.04
2024-06-04 19:47:02.502,500,454.963,-23.1104,2025.15
2024-06-04 19:47:02.506,500,480.011,-24.0891,37.8418
2024-06-04 19:47:02.511,500,492.008,-23.878,39.0625
2024-06-04 19:47:02.511,500,493.809,-21.2255,2437.74
2024-06-04 19:47:02.511,500,496.207,-23.3778,37.8418
2024-06-04 19:47:02.511,500,500.015,-8.33434,35.4004
2024-06-04 19:47:02.511,500,502.207,-25.3906,37.8418
2024-06-04 19:47:02.668,500,515.944,-25.5334,68.3594
2024-06-04 19:47:02.673,500,540.015,-18.9747,37.8418
2024-06-04 19:47:02.712,500,570.155,-10.598,185.547
2024-06-04 19:47:02.712,500,580.011,-19.2805,37.8418
2024-06-04 19:47:02.717,500,593.033,-7.23799,2301.03
2024-06-04 19:47:02.878,500,640.01,-13.4837,39.0625
2024-06-04 19:47:03.060,500,59.4568,-10.5944,247.803
2024-06-04 19:47:03.060,500,60.0562,-16.3776,37.8418
2024-06-04 19:47:03.060,500,64.8669,-12.1391,5616.46
2024-06-04 19:47:03.070,500,91.8896,-0.617274,117.188
2024-06-04 19:47:03.070,500,92.7112,-10.7651,37.8418
2024-06-04 19:47:03.070,500,94.2908,16.0956,72.0215
2024-06-04 19:47:03.070,500,98.2971,14.2987,139.16
2024-06-04 19:47:03.070,500,100.649,25.7771,48.8281
2024-06-04 19:47:03.101,500,143.142,-12.3533,113.525
2024-06-04 19:47:0,500,155.851,-22.224,180.664
2024-06-04 19:47:03.258,500,156.005,-18.091,73.2422
2024-06-04 19:47:03.258,500,156.534,-16.6866,51.2695
2024-06-04 19:47:03.258,500,156.685,-16.2094,75.6836
2024-06-04 19:47:03.258,500,156.892,-15.0983,81.7871
2024-06-04 19:47:03.258,500,159.83,-16.5053,4844.97
2024-06-04 19:47:03.258,500,164.622,-13.1702,4670.41
2024-06-04 19:47:03.263,500,175.769,-22.6404,129.395
2024-06-04 19:47:03.263,500,180.011,-15.9653,36.6211
2024-06-04 19:47:03.281,500,193.977,-23.7114,118.408
2024-06-04 19:47:03.281,500,201.086,-11.0688,2198.49
2024-06-04 19:47:03.281,500,206.932,-11.4517,2158.2
2024-06-04 19:47:03.301,500,213.82,-26.8181,4061.28
2024-06-04 19:47:03.307,500,232.727,-21.1138,1782.23
2024-06-04 19:47:03.307,500,234.612,-22.6317,104.98
2024-06-04 19:47:03.307,500,235.295,-19.3899,1185.3
2024-06-04 19:47:03.307,500,239.994,-11.8946,17.0898
2024-06-04 19:47:03.307,500,241.111,-5.64324,2146
2024-06-04 19:47:03.311,500,250.608,-18.7236,396.728
2024-06-04 19:47:03.311,500,257.028,-6.02958,9353.03
2024-06-04 19:47:03.473,500,293.546,-21.0498,959.473
2024-06-04 19:47:03.473,500,301.151,-6.58393,2315.67
2024-06-04 19:47:03.491,500,321.127,-1.36314,335.693
2024-06-04 19:47:03.491,500,321.628,-2.35491,147.705
2024-06-04 19:47:03.491,500,322.434,-0.796636,158.691
2024-06-04 19:47:03.491,500,322.799,1.29543,216.064
2024-06-04 19:47:03.491,500,323.828,-4.55421,136.719
2024-06-04 19:47:03.491,500,324.2,10.7425,224.609
2024-06-04 19:47:03.491,500,325.605,-1.64572,170.898
2024-06-04 19:47:03.491,500,329.436,6.63516,152.588
2024-06-04 19:47:03.509,500,337.892,-20.9039,4274.9
2024-06-04 19:47:03.527,500,360.011,-16.434,37.8418
2024-06-04 19:47:03.527,500,366.09,-4.54225,733.643
2024-06-04 19:47:03.533,500,380.011,-25.6712,37.8418
2024-06-04 19:47:03.689,500,394.329,-23.3922,388.184
2024-06-04 19:47:03.693,500,412.95,-23.1569,37.8418
2024-06-04 19:47:03.693,500,423.586,-22.7214,7181.4
2024-06-04 19:47:03.693,500,427.462,-28.7523,42.7246
2024-06-04 19:47:03.712,500,435.283,-24.0729,1992.19
2024-06-04 19:47:03.712,500,440.011,-17.4772,37.8418
2024-06-04 19:47:03.730,500,460.011,-22.7992,39.0625
2024-06-04 19:47:03.735,500,473.615,-29.3631,352.783
2024-06-04 19:47:03.735,500,480.012,-22.0893,37.8418
2024-06-04 19:47:03.735,500,484.463,-23.756,4327.39
2024-06-04 19:47:03.735,500,487.356,-24.0599,932.617
2024-06-04 19:47:03.741,500,492.609,-21.8284,37.8418
2024-06-04 19:47:03.741,500,493.807,-22.2331,37.8418
2024-06-04 19:47:03.741,500,494.404,-25.9896,42.7246
2024-06-04 19:47:03.741,500,495.608,-20.1631,37.8418
2024-06-04 19:47:03.741,500,496.207,-21.615,36.6211
2024-06-04 19:47:03.741,500,497.407,-20.1022,37.8418
2024-06-04 19:47:03.741,500,500.011,-18.0212,39.0625
2024-06-04 19:47:03.904,500,512.893,-28.1402,2546.39
2024-06-04 19:47:03.910,500,540.011,-22.3432,39.0625
2024-06-04 19:47:03.933,500,577.717,16.6406,194.092
2024-06-04 19:47:03.933,500,582.258,2.32227,93.9941
2024-06-04 19:47:03.939,500,590.651,-4.28323,23.1934
2024-06-04 19:47:03.939,500,592.046,-5.1938,34.1797
2024-06-04 19:47:03.939,500,593.217,-5.82724,117.188
2024-06-04 19:47:03.939,500,593.336,-11.7078,50.0488
2024-06-04 19:47:03.939,500,600.012,-12.0704,37.8418
2024-06-04 19:47:03.939,500,602.991,-18.4589,1145.02
2024-06-04 19:47:04.099,500,636.774,-11.9203,10553
2024-06-04 19:47:04.099,500,644.731,-14.1637,4570.31
2024-06-04 19:47:04.255,500,39.3286,-0.698478,186.768
2024-06-04 19:47:04.255,500,40.0623,-20.4431,36.6211
2024-06-04 19:47:04.273,500,59.1992,-28.8632,119.629
2024-06-04 19:47:04.273,500,60.0549,-16.2637,21.9727
2024-06-04 19:47:04.273,500,65.437,-32.8868,1348.88
2024-06-04 19:47:04.283,500,91.9397,4.25614,84.2285
2024-06-04 19:47:04.283,500,92.7014,5.81271,41.5039
2024-06-04 19:47:04.283,500,94.3005,-4.20145,39.0625
2024-06-04 19:47:04.283,500,98.3264,0.831151,42.7246
2024-06-04 19:47:04.283,500,100.634,27.8125,73.2422
2024-06-04 19:47:04.287,500,110.847,-25.381,1523.44
2024-06-04 19:47:04.288,500,120.011,-21.4035,37.8418
2024-06-04 19:47:04.292,500,144.459,-8.10623,228.271
2024-06-04 19:47:04.292,500,145.815,-14.6927,111.084
2024-06-04 19:47:04.292,500,148.424,-15.7088,26.8555
2024-06-04 19:47:04.449,500,158.134,-15.6645,3790.28
2024-06-04 19:47:04.455,500,180.011,-22.8969,37.8418
2024-06-04 19:47:04.473,500,194.022,-31.0554,6370.85
2024-06-04 19:47:04.478,500,214.225,-23.7248,1864.01
2024-06-04 19:47:04.479,500,225.829,-28.0189,5334.47
2024-06-04 19:47:04.484,500,231.555,-24.8403,51.2695
2024-06-04 19:47:04.484,500,232.234,-27.0572,718.994
2024-06-04 19:47:04.484,500,240.01,-17.28,37.8418
2024-06-04 19:47:04.489,500,253.627,-9.6992,2561.04
2024-06-04 19:47:04.489,500,258.894,-2.6767,5628.66
2024-06-04 19:47:04.645,500,272.4,-23.3078,1107.18
2024-06-04 19:47:04.645,500,275.376,-22.0547,1534.42
2024-06-04 19:47:04.645,500,280.009,-15.8978,39.0625
2024-06-04 19:47:04.666,500,310.602,-21.443,164.795
2024-06-04 19:47:04.666,500,320.187,8.05685,260.01
2024-06-04 19:47:04.666,500,322.174,-5.07208,37.8418
2024-06-04 19:47:04.666,500,322.433,-9.37317,141.602
2024-06-04 19:47:04.666,500,322.792,-0.351016,197.754
2024-06-04 19:47:04.666,500,323.735,-20.1454,305.176
2024-06-04 19:47:04.666,500,324.226,1.87576,130.615
2024-06-04 19:47:04.666,500,325.566,-14.8671,32.959
2024-06-04 19:47:04.666,500,329.421,14.1938,168.457
2024-06-04 19:47:04.678,500,360.011,-13.5862,39.0625
2024-06-04 19:47:04.678,500,364.685,-17.9202,943.604
2024-06-04 19:47:04.678,500,365.884,-4.94048,181.885
2024-06-04 19:47:04.678,500,366.047,-0.166661,75.6836
2024-06-04 19:47:04.678,500,367.247,-1.83378,103.76
2024-06-04 19:47:04.678,500,367.401,-4.77921,35.4004
2024-06-04 19:47:04.678,500,367.853,-7.04738,148.926
2024-06-04 19:47:04.705,500,373.885,-28.0105,157.471
2024-06-04 19:47:04.705,500,375.038,-20.937,2077.64
2024-06-04 19:47:04.705,500,384.893,-15.4239,2011.72
2024-06-04 19:47:04.861,500,391.775,-26.5742,1435.55
2024-06-04 19:47:04.861,500,398.861,-10.4469,9886.47
2024-06-04 19:47:04.865,500,420.011,-21.309,37.8418
2024-06-04 19:47:04.865,500,426.791,-24.0701,1212.16
2024-06-04 19:47:04.892,500,440.011,-11.4489,37.8418
2024-06-04 19:47:04.892,500,447.073,-18.1805,178.223
2024-06-04 19:47:04.892,500,447.307,-26.3836,41.5039
2024-06-04 19:47:04.913,500,461.047,-7.24954,2099.61
2024-06-04 19:47:04.914,500,462.222,-20.1342,21.9727
2024-06-04 19:47:04.914,500,466.001,-17.7753,251.465
2024-06-04 19:47:04.914,500,466.56,-17.7871,794.678
2024-06-04 19:47:04.914,500,467.767,-21.7312,112.305
2024-06-04 19:47:04.919,500,474.655,-20.377,2358.4
2024-06-04 19:47:04.919,500,480.017,-14.228,37.8418
2024-06-04 19:47:04.919,500,486.008,-21.436,35.4004
2024-06-04 19:47:04.924,500,500.011,-23.0536,37.8418
2024-06-04 19:47:05.081,500,512.679,-23.0275,1895.75
2024-06-04 19:47:05.086,500,534.064,-25.5176,40.2832
2024-06-04 19:47:05.086,500,540.024,2.01992,18.3105
2024-06-04 19:47:05.086,500,545.405,-16.4293,2810.06
2024-06-04 19:47:05.086,500,548.032,-17.4374,1469.73
2024-06-04 19:47:05.103,500,551.797,-24.8167,42.7246
2024-06-04 19:47:05.103,500,556.272,-23.0235,104.98
2024-06-04 19:47:05.103,500,560.011,-12.5726,37.8418
2024-06-04 19:47:05.107,500,572.129,25.9843,185.547
2024-06-04 19:47:05.107,500,580.013,-21.6565,37.8418
2024-06-04 19:47:05.107,500,583.48,-1.01114,192.871
2024-06-04 19:47:05.273,500,631.069,-22.0781,1733.4
2024-06-04 19:47:05.429,500,38.3972,-17.8139,85.4492
2024-06-04 19:47:05.429,500,38.5889,-7.33259,65.918
2024-06-04 19:47:05.451,500,58.3447,-2.77535,15.8691
2024-06-04 19:47:05.452,500,60.0562,-17.7119,36.6211
2024-06-04 19:47:05.452,500,63.5327,-15.0324,2110.6
2024-06-04 19:47:05.458,500,88.3093,-21.2928,169.678
2024-06-04 19:47:05.461,500,91.925,5.48844,50.0488
2024-06-04 19:47:05.462,500,92.7087,5.19179,47.6074
2024-06-04 19:47:05.462,500,94.3066,16.0899,64.6973
2024-06-04 19:47:05.462,500,98.3032,13.9869,74.4629
2024-06-04 19:47:05.462,500,100.594,27.0716,68.3594
2024-06-04 19:47:05.462,500,102.668,10.3878,90.332
2024-06-04 19:47:05.471,500,135.004,-18.4374,8706.05
2024-06-04 19:47:05.471,500,142.843,-14.5802,4498.29
2024-06-04 19:47:05.628,500,153.569,-18.8771,152.588
2024-06-04 19:47:05.628,500,154.744,-12.9587,70.8008
2024-06-04 19:47:05.628,500,155.536,-15.3411,203.857
2024-06-04 19:47:05.628,500,155.981,-18.2722,122.07
2024-06-04 19:47:05.628,500,161.121,-5.50522,2265.62
2024-06-04 19:47:05.628,500,162.43,-15.6457,36.6211
2024-06-04 19:47:05.650,500,206.32,-12.7215,40.2832
2024-06-04 19:47:05.650,500,206.581,-20.305,40.2832
2024-06-04 19:47:05.650,500,206.678,-13.9174,34.1797
2024-06-04 19:47:05.651
